kennung;datum;eintraege;rezept;bestellung;bank_commit;zusammenbau;vorlage;pfad
PRZ-L1;2026-09-28;prozentrechnung;L;einheiten=alle, zone=ja, fokus=–, schwach=nein, klasse=–, kasten=nein, aus=–;ce7632a;v0.3;Version 2026-09-28a;bau/prozentrechnung/PRZ-L1
PRZ-L2;2026-09-28;prozentrechnung;L;einheiten=alle, zone=ja, fokus=–, schwach=nein, klasse=–, kasten=nein, aus=–;ce7632a;v0.3;Version 2026-09-28a;bau/prozentrechnung/PRZ-L2
PRZ-F1;2026-09-28;prozentrechnung;F;einheiten=alle, zone=ja, fokus=Prozentsatz, schwach=nein, klasse=–, kasten=nein, aus=–;ce7632a;v0.3;Version 2026-09-28a;bau/prozentrechnung/PRZ-F1
LIN-H1;2026-09-28;lineare-funktionen,quadratische-funktionen,quadratische-gleichungen,lineare-gleichungssysteme,potenz-exponentialfunktionen,zuordnungen;H;heft=msa, nur_basis=nein, titel=Prüfungsheft MSA · Funktionen, aus=bau/hefte/msa-funktionen;7238f60+geändert;v0.4;Version 2026-09-28a;bau/hefte/msa-funktionen
FLA-H1;2026-09-28;flaechen,koerper,pyramide-kegel-kugel,pythagoras,trigonometrie,kreis,winkel-dreiecke,strahlensaetze,symmetrie-abbildungen;H;heft=msa, nur_basis=nein, titel=Prüfungsheft MSA · Geometrie, aus=bau/hefte/msa-geometrie;7238f60+geändert;v0.4;Version 2026-09-28a;bau/hefte/msa-geometrie
DAT-H1;2026-09-28;daten,wahrscheinlichkeit;H;heft=msa, nur_basis=nein, titel=Prüfungsheft MSA · Daten und Zufall, aus=bau/hefte/msa-daten;7238f60+geändert;v0.4;Version 2026-09-28a;bau/hefte/msa-daten
BRU-H1;2026-09-28;bruchrechnung,brueche-dezimalzahlen,prozentrechnung,zinsrechnung,rationale-zahlen,potenzen-wurzeln,einheiten,terme,lineare-gleichungen,binomische-formeln;H;heft=msa, nur_basis=nein, titel=Prüfungsheft MSA · Zahlen und Terme, aus=bau/hefte/msa-zahlen;7238f60+geändert;v0.4;Version 2026-09-28a;bau/hefte/msa-zahlen
BRU-H2;2026-09-28;bruchrechnung,brueche-dezimalzahlen,prozentrechnung,zinsrechnung,rationale-zahlen,potenzen-wurzeln,einheiten,terme,lineare-gleichungen,binomische-formeln;H;heft=msa, nur_basis=ja, titel=Prüfungsheft Basis · Zahlen und Terme, aus=bau/hefte/basis-zahlen;7238f60+geändert;v0.4;Version 2026-09-28a;bau/hefte/basis-zahlen
FLA-H2;2026-09-28;flaechen,koerper,pyramide-kegel-kugel,pythagoras,trigonometrie,kreis,winkel-dreiecke,strahlensaetze,symmetrie-abbildungen;H;heft=msa, nur_basis=ja, titel=Prüfungsheft Basis · Geometrie, aus=bau/hefte/basis-geometrie;7238f60+geändert;v0.4;Version 2026-09-28a;bau/hefte/basis-geometrie
LIN-H2;2026-09-28;lineare-funktionen,quadratische-funktionen,quadratische-gleichungen,lineare-gleichungssysteme,potenz-exponentialfunktionen,zuordnungen,daten,wahrscheinlichkeit;H;heft=msa, nur_basis=ja, titel=Prüfungsheft Basis · Funktionen, Daten und Zufall, aus=bau/hefte/basis-rest;7238f60+geändert;v0.4;Version 2026-09-28a;bau/hefte/basis-rest
AEN-H1;2026-09-28;ableitung-und-aenderungsrate,ableitungsregeln,kurvenuntersuchung,tangente-normale-schnittwinkel,funktionsklassen-und-eigenschaften,grenzwerte-und-verhalten-im-unendlichen,extremalprobleme;H;heft=abitur-gk, nur_basis=nein, titel=Prüfungsheft Abitur GK · Analysis 1, aus=bau/hefte/abi-gk-analysis-1;7238f60+geändert;v0.4;Version 2026-09-28a;bau/hefte/abi-gk-analysis-1
STA-H1;2026-09-28;stammfunktion-und-hauptsatz,integrationsregeln,flaecheninhalt-durch-integration,rekonstruktion-von-funktionsgleichungen,rekonstruktion-von-bestaenden,gleichungen-loesen,rotationsvolumen;H;heft=abitur-gk, nur_basis=nein, titel=Prüfungsheft Abitur GK · Analysis 2, aus=bau/hefte/abi-gk-analysis-2;7238f60+geändert;v0.4;Version 2026-09-28a;bau/hefte/abi-gk-analysis-2
ZUF-H1;2026-09-28;zufallsexperimente-und-pfadregeln,bedingte-wahrscheinlichkeit-und-bayes,vierfeldertafel,unabhaengigkeit,zufallsgroessen-und-verteilungen,kenngroessen-von-verteilungen,binomialverteilung,hypothesentests;H;heft=abitur-gk, nur_basis=nein, titel=Prüfungsheft Abitur GK · Stochastik, aus=bau/hefte/abi-gk-stochastik;7238f60+geändert;v0.4;Version 2026-09-28a;bau/hefte/abi-gk-stochastik
PUN-H1;2026-09-28;punkte-und-strecken-im-koordinatensystem,vektoren-und-rechenoperationen,geraden,ebenen,lagebeziehungen,schnittmengen,abstaende,skalarprodukt-und-winkel,orthogonalitaet,flaecheninhalt-und-volumen-im-raum;H;heft=abitur-gk, nur_basis=nein, titel=Prüfungsheft Abitur GK · Analytische Geometrie, aus=bau/hefte/abi-gk-geometrie;7238f60+geändert;v0.4;Version 2026-09-28a;bau/hefte/abi-gk-geometrie
DAT-H2;2026-09-28;daten,wahrscheinlichkeit;H;heft=msa, nur_basis=nein, titel=Prüfungsheft MSA · Daten und Zufall, aus=bau/hefte/msa-daten;2345b8e;v0.4;Version 2026-09-28a;bau/hefte/msa-daten
LIN-H3;2026-09-28;lineare-funktionen,quadratische-funktionen,quadratische-gleichungen,lineare-gleichungssysteme,potenz-exponentialfunktionen,zuordnungen,daten,wahrscheinlichkeit;H;heft=msa, nur_basis=ja, titel=Prüfungsheft Basis · Funktionen, Daten und Zufall, aus=bau/hefte/basis-rest;2345b8e;v0.4;Version 2026-09-28a;bau/hefte/basis-rest
BAS-Z1;2026-09-28;_basis;Z;zettel=basis, nummer=1;98f6b7d;v0.5;Version 2026-09-28a;bau/zettel/BAS-Z1
BAS-Z2;2026-09-28;_basis;Z;zettel=basis, nummer=2;98f6b7d;v0.5;Version 2026-09-28a;bau/zettel/BAS-Z2
BAS-Z3;2026-09-28;_basis;Z;zettel=basis, nummer=3;98f6b7d;v0.5;Version 2026-09-28a;bau/zettel/BAS-Z3
BAS-Z4;2026-09-28;_basis;Z;zettel=basis, nummer=4;98f6b7d;v0.5;Version 2026-09-28a;bau/zettel/BAS-Z4
BAS-Z5;2026-09-28;_basis;Z;zettel=basis, nummer=5;98f6b7d;v0.5;Version 2026-09-28a;bau/zettel/BAS-Z5
BAS-Z6;2026-09-28;_basis;Z;zettel=basis, nummer=6;98f6b7d;v0.5;Version 2026-09-28a;bau/zettel/BAS-Z6
BAS-Z7;2026-09-28;_basis;Z;zettel=basis, nummer=7;98f6b7d;v0.5;Version 2026-09-28a;bau/zettel/BAS-Z7
BAS-Z8;2026-09-28;_basis;Z;zettel=basis, nummer=8;98f6b7d;v0.5;Version 2026-09-28a;bau/zettel/BAS-Z8
BAS-Z9;2026-09-28;_basis;Z;zettel=basis, nummer=9;98f6b7d;v0.5;Version 2026-09-28a;bau/zettel/BAS-Z9
BAS-Z10;2026-09-28;_basis;Z;zettel=basis, nummer=10;98f6b7d;v0.5;Version 2026-09-28a;bau/zettel/BAS-Z10
