# Ich-kann-Titel für Kompetenzblätter und Regal (Stand 2026-09-28). Der Katalog trägt keine Ich-kann-Sätze; alle Titel sind aus Kettenname, sprosse_text, merkmal und der Zeile „Sprossen je Verfahrenstyp“ der Mappe umformuliert (quelle). sprosse: leer = Titel der Kette (Blatt, Regal); p = Prüfungshöhen; Zahl = Sprosse. einheit: Nummer der Bank (e<n>.jsonl); 0 = Fertigkeit der Zone (zone.jsonl, kette = Name der Zonen-Kette). anweisung: Aufforderung über der Teilaufgabe, wo die Bank nur eine Gleichung oder eine Kurzfrage trägt.
eintrag;einheit;kette;sprosse;ich_kann;anweisung;quelle
quadratische-gleichungen;3;p-q-Formel;;Ich kann quadratische Gleichungen mit der p-q-Formel lösen.;;umformuliert (Kette, Mappe)
quadratische-gleichungen;3;p-q-Formel;0;Ich kann in einer Gleichung p und q ablesen.;Lies p und q mit Vorzeichen ab.;umformuliert (merkmal)
quadratische-gleichungen;3;p-q-Formel;1;Ich kann eine Gleichung mit der p-q-Formel lösen.;Löse die Gleichung mit der p-q-Formel.;umformuliert (merkmal)
quadratische-gleichungen;3;p-q-Formel;2;Ich kann die p-q-Formel auch anwenden, wenn p oder q negativ ist.;Löse die Gleichung mit der p-q-Formel.;umformuliert (merkmal)
quadratische-gleichungen;3;p-q-Formel;3;Ich kann eine Gleichung erst ordnen und dann lösen.;Löse die Gleichung.;umformuliert (merkmal)
quadratische-gleichungen;3;p-q-Formel;4;Ich kann eine Gleichung lösen, bei der vor x² nicht 1 steht.;Löse die Gleichung.;umformuliert (merkmal)
quadratische-gleichungen;3;p-q-Formel;5;Ich kann mit der p-q-Formel rechnen, wenn p ungerade ist.;Löse die Gleichung.;umformuliert (merkmal)
quadratische-gleichungen;3;p-q-Formel;6;Ich kann erkennen, wann eine Gleichung nur eine Lösung hat.;Löse die Gleichung.;umformuliert (merkmal)
quadratische-gleichungen;3;p-q-Formel;7;Ich kann erkennen, wann eine Gleichung keine Lösung hat.;Löse die Gleichung.;umformuliert (merkmal)
quadratische-gleichungen;3;p-q-Formel;8;Ich kann an der Diskriminante sehen, wie viele Lösungen es gibt.;Berechne die Diskriminante D und gib die Zahl der Lösungen an.;umformuliert (merkmal)
quadratische-gleichungen;3;p-q-Formel;9;Ich kann Lösungen mit Wurzel angeben und runden.;Löse die Gleichung. Runde auf zwei Stellen.;umformuliert (merkmal)
quadratische-gleichungen;3;p-q-Formel;10;Ich kann eine Lösung durch Einsetzen prüfen.;Setze ein und kreuze an.;umformuliert (merkmal)
quadratische-gleichungen;3;p-q-Formel;11;Ich kann erst Klammern auflösen, dann ordnen und lösen.;Löse die Gleichung.;umformuliert (merkmal)
quadratische-gleichungen;3;p-q-Formel;12;Ich kann den kürzesten Lösungsweg wählen.;Nenne den Weg und löse.;umformuliert (merkmal)
quadratische-gleichungen;3;p-q-Formel;p;Ich kann das auch in Aufgaben aus der Prüfung.;;eigen
prozentrechnung;2;Prozentsatz;;Ich kann berechnen, wie viel Prozent ein Teil vom Ganzen ist.;;umformuliert (Kette, Mappe)
prozentrechnung;2;Prozentsatz;0;Ich kann den Prozentsatz am Streifen ablesen.;;umformuliert (merkmal)
prozentrechnung;2;Prozentsatz;1;Ich kann den Prozentsatz angeben, wenn das Ganze 100 ist.;;umformuliert (merkmal)
prozentrechnung;2;Prozentsatz;2;Ich kann auf 100 erweitern und den Prozentsatz angeben.;;umformuliert (merkmal)
prozentrechnung;2;Prozentsatz;3;Ich kann den Prozentsatz mit Teil durch Ganzes berechnen.;;umformuliert (merkmal)
prozentrechnung;2;Prozentsatz;4;Ich kann den Prozentsatz auf eine Stelle runden.;;umformuliert (merkmal)
prozentrechnung;2;Prozentsatz;5;Ich kann erst das Ganze bilden und dann den Prozentsatz berechnen.;;umformuliert (merkmal)
prozentrechnung;2;Prozentsatz;6;Ich kann den Rabatt in Prozent berechnen.;;umformuliert (merkmal)
prozentrechnung;2;Prozentsatz;p;Ich kann das auch in Aufgaben aus der Prüfung.;;eigen
lineare-funktionen;2;Graph zeichnen;;Ich kann den Graphen einer linearen Funktion zeichnen.;;umformuliert (Kette)
lineare-funktionen;2;Graph zeichnen;1;Ich kann zu einer Funktion eine Wertetabelle ausfüllen.;;umformuliert (merkmal)
lineare-funktionen;2;Graph zeichnen;2;Ich kann Wertepaare als Punkte eintragen.;;umformuliert (merkmal)
lineare-funktionen;2;Graph zeichnen;3;Ich kann zwei Punkte berechnen und die Gerade durch sie zeichnen.;;umformuliert (merkmal)
lineare-funktionen;2;Graph zeichnen;4;Ich kann die Gerade mit n und dem Steigungsdreieck zeichnen.;;umformuliert (merkmal)
lineare-funktionen;2;Graph zeichnen;5;Ich kann eine fallende Gerade zeichnen, wenn m negativ ist.;;umformuliert (merkmal)
lineare-funktionen;2;Graph zeichnen;6;Ich kann die Gerade zeichnen, wenn m ein Bruch ist.;;umformuliert (merkmal)
lineare-funktionen;2;Graph zeichnen;7;Ich kann die Gerade zeichnen, wenn n negativ ist.;;umformuliert (merkmal)
lineare-funktionen;2;Graph zeichnen;p;Ich kann das auch in Aufgaben aus der Prüfung.;;eigen
potenz-exponentialfunktionen;2;Wachstumstabelle fortschreiben;;Ich kann eine Wachstumstabelle mit dem Faktor fortschreiben.;;umformuliert (Kette)
potenz-exponentialfunktionen;2;Wachstumstabelle fortschreiben;0;Ich kann erkennen, ob in einer Tabelle die Differenz oder der Quotient gleich bleibt.;Kreuze an.;umformuliert (merkmal)
potenz-exponentialfunktionen;2;Wachstumstabelle fortschreiben;1;Ich kann den nächsten Wert mit dem Wachstumsfaktor berechnen.;;umformuliert (merkmal)
potenz-exponentialfunktionen;2;Wachstumstabelle fortschreiben;2;Ich kann den Startwert in die Tabelle eintragen.;;umformuliert (merkmal)
potenz-exponentialfunktionen;2;Wachstumstabelle fortschreiben;3;Ich kann eine Lücke in der Tabelle füllen.;;umformuliert (merkmal)
potenz-exponentialfunktionen;2;Wachstumstabelle fortschreiben;4;Ich kann mehrere Schritte auf einmal mit einer Potenz berechnen.;;umformuliert (merkmal)
potenz-exponentialfunktionen;2;Wachstumstabelle fortschreiben;5;Ich kann einen Schritt zurückrechnen.;;umformuliert (merkmal)
potenz-exponentialfunktionen;2;Wachstumstabelle fortschreiben;6;Ich kann eine fehlende Zeitangabe in der Tabelle bestimmen.;;umformuliert (merkmal)
potenz-exponentialfunktionen;2;Wachstumstabelle fortschreiben;7;Ich kann eine Abnahme mit einem Faktor kleiner als 1 fortschreiben.;;umformuliert (merkmal)
potenz-exponentialfunktionen;2;Wachstumstabelle fortschreiben;p;Ich kann das auch in Aufgaben aus der Prüfung.;;eigen
trigonometrie;4;Sinussatz;;Ich kann Seiten und Winkel mit dem Sinussatz berechnen.;;umformuliert (Kette)
trigonometrie;4;Sinussatz;0;Ich kann erkennen, ob ich mit sin, cos, tan oder mit dem Sinussatz rechne.;;umformuliert (merkmal)
trigonometrie;4;Sinussatz;1;Ich kann eine Seite mit dem Sinussatz berechnen.;;umformuliert (merkmal)
trigonometrie;4;Sinussatz;2;Ich kann Seiten und Gegenwinkel auch bei anderen Eckennamen zuordnen.;;umformuliert (merkmal)
trigonometrie;4;Sinussatz;3;Ich kann den fehlenden Winkel erst mit der Winkelsumme berechnen.;;umformuliert (merkmal)
trigonometrie;4;Sinussatz;4;Ich kann den Sinussatz mit einem stumpfen Winkel anwenden.;;umformuliert (merkmal)
trigonometrie;4;Sinussatz;5;Ich kann einen stumpfen Winkel in der Winkelsumme verwenden.;;umformuliert (merkmal)
trigonometrie;4;Sinussatz;6;Ich kann mit Dezimalzahlen und Einheiten rechnen und runden.;;umformuliert (merkmal)
trigonometrie;4;Sinussatz;7;Ich kann ein vorgegebenes Ergebnis mit einer Rechnung zeigen.;;umformuliert (merkmal)
trigonometrie;4;Sinussatz;8;Ich kann zwei Seiten berechnen und eine Aussage prüfen.;;umformuliert (merkmal)
trigonometrie;4;Sinussatz;9;Ich kann den Sinussatz im Viereck anwenden.;;umformuliert (merkmal)
trigonometrie;4;Sinussatz;10;Ich kann mit dem Ergebnis eine Weglänge weiterrechnen.;;umformuliert (merkmal)
trigonometrie;4;Sinussatz;11;Ich kann ein Ergebnis über die Höhe nachrechnen.;;umformuliert (merkmal)
trigonometrie;4;Sinussatz;12;Ich kann einen Winkel mit dem Sinussatz berechnen.;;umformuliert (merkmal)
trigonometrie;4;Sinussatz;13;Ich kann die dritte Seite mit dem Kosinussatz berechnen.;;umformuliert (merkmal)
trigonometrie;4;Sinussatz;14;Ich kann einen Winkel mit dem Kosinussatz berechnen.;;umformuliert (merkmal)
trigonometrie;4;Sinussatz;15;Ich kann den Sinussatz über die Höhe herleiten.;;umformuliert (merkmal)
trigonometrie;4;Sinussatz;p;Ich kann das auch in Aufgaben aus der Prüfung.;;eigen
quadratische-gleichungen;0;Quadrieren auch negativer Zahlen und Dezimalzahlen, Quadrat vor Punkt vor Strich;;Ich kann Zahlen quadrieren, auch negative.;Berechne.;umformuliert (Voraussetzung)
quadratische-gleichungen;0;Quadratwurzel ziehen;;Ich kann eine Quadratwurzel ziehen.;Berechne die Wurzel.;umformuliert (Voraussetzung)
quadratische-gleichungen;0;Lineare Gleichung mit Äquivalenzumformungen und Strich lösen, auch negative Vorzahl und x auf beiden Seiten;;Ich kann eine lineare Gleichung lösen.;Löse die Gleichung.;umformuliert (Voraussetzung)
quadratische-gleichungen;0;Lösung durch Einsetzen prüfen mit (wA)/(fA), auch mit negativer Zahl;;Ich kann eine Lösung durch Einsetzen prüfen.;Setze ein und kreuze an.;umformuliert (Voraussetzung)
quadratische-gleichungen;0;Klammer zuerst und Punkt vor Strich mit negativen Zahlen;;Ich kann Klammer vor Punkt vor Strich rechnen.;Berechne.;umformuliert (Voraussetzung)
quadratische-gleichungen;0;Scheitelpunktform lesen;;Ich kann den Scheitel aus der Scheitelpunktform ablesen.;Lies den Scheitel ab.;umformuliert (Voraussetzung)
quadratische-gleichungen;0;Ausklammern, Ausmultiplizieren und binomische Formeln;;Ich kann Klammern ausmultiplizieren.;Multipliziere aus.;umformuliert (Voraussetzung)
quadratische-gleichungen;0;Terme ordnen und zusammenfassen, x² zuerst, dann x-Glieder, dann Zahlen;;Ich kann einen Term ordnen: x² zuerst, dann x, dann die Zahl.;Ordne den Term.;umformuliert (Voraussetzung)
potenz-exponentialfunktionen;0;Erhöhung und Senkung um p Prozent als Faktor;;Ich kann eine Erhöhung um p Prozent als Faktor rechnen.;;umformuliert (Voraussetzung)
potenz-exponentialfunktionen;0;Wertetabelle lesen und Punkte ins Koordinatensystem eintragen, Achseneinteilung wählen, Werte an einer Skala mit größeren Schritten ablesen;;Ich kann Werte aus einer Tabelle ablesen.;;umformuliert (Voraussetzung)
potenz-exponentialfunktionen;0;Lineare Zunahme;;Ich kann eine gleichmäßige Zunahme fortsetzen.;;umformuliert (Voraussetzung)
potenz-exponentialfunktionen;0;Dezimalzahlen multiplizieren und runden, Ergebnis mit ≈ und Einheit angeben;;Ich kann Dezimalzahlen multiplizieren und runden.;;umformuliert (Voraussetzung)
potenz-exponentialfunktionen;0;Prozentwert und Prozentsatz berechnen;;Ich kann den Prozentwert berechnen.;;umformuliert (Voraussetzung)
potenz-exponentialfunktionen;0;Zinseszins;;Ich kann das Guthaben nach einem Jahr mit Zinsen berechnen.;;umformuliert (Voraussetzung)
potenz-exponentialfunktionen;0;Division zweier Tabellenwerte als Quotient schreiben und deuten;;Ich kann den Quotienten zweier Tabellenwerte berechnen.;;umformuliert (Voraussetzung)
potenz-exponentialfunktionen;0;Potenz mit dem Taschenrechner;;Ich kann eine Potenz mit dem Taschenrechner berechnen.;;umformuliert (Voraussetzung)
potenz-exponentialfunktionen;0;Potenzen mit natürlichem Exponenten als wiederholte Multiplikation, auch mit negativer Basis;;Ich kann eine Potenz als Produkt schreiben.;;umformuliert (Voraussetzung)
potenz-exponentialfunktionen;0;Normalparabel;;Ich kann Werte der Normalparabel berechnen.;;umformuliert (Voraussetzung)
potenz-exponentialfunktionen;0;Proportionale Funktion;;Ich kann Werte einer proportionalen Funktion berechnen.;;umformuliert (Voraussetzung)
potenz-exponentialfunktionen;0;Koordinatensystem mit vier Quadranten, Achseneinteilung wählen, wenn die Werte schnell groß werden;;Ich kenne die vier Quadranten.;;umformuliert (Voraussetzung)
potenz-exponentialfunktionen;0;Achsensymmetrie und Punktsymmetrie an einer Figur erkennen (Faltkante, halbe Drehung um einen Punkt);;Ich kann Symmetrieachsen erkennen.;;umformuliert (Voraussetzung)
potenz-exponentialfunktionen;0;Quadratwurzel und Kubikwurzel als Umkehrung des Potenzierens, Kubikwurzel mit dem Taschenrechner, aus einer negativen Zahl keine Quadratwurzel;;Ich kann Quadrat- und Kubikwurzeln ziehen.;;umformuliert (Voraussetzung)
potenz-exponentialfunktionen;0;Würfelvolumen als Kante hoch drei, Kante aus dem Volumen über Kubikzahlen;;Ich kann das Volumen eines Würfels berechnen.;;umformuliert (Voraussetzung)
lineare-funktionen;0;Koordinaten lesen und eintragen, 4 Quadranten, (x|y)-Reihenfolge;;Ich kann Koordinaten ablesen und eintragen.;;umformuliert (Voraussetzung)
lineare-funktionen;0;Proportionale Zuordnung erkennen und hochrechnen (Dreisatz);;Ich kann mit dem Dreisatz rechnen.;;umformuliert (Voraussetzung)
lineare-funktionen;0;Negative Zahlen multiplizieren und dividieren;;Ich kann mit negativen Zahlen malnehmen und teilen.;;umformuliert (Voraussetzung)
lineare-funktionen;0;Brüche als Steigung (½, −¾), Bruch mal ganze Zahl;;Ich kann einen Bruch mit einer ganzen Zahl malnehmen.;;umformuliert (Voraussetzung)
lineare-funktionen;0;Lineare Gleichung zweischrittig lösen (null gleich einem zweischrittigen Term);;Ich kann eine lineare Gleichung in zwei Schritten lösen.;;umformuliert (Voraussetzung)
lineare-funktionen;0;Terme zusammenfassen;;Ich kann Terme zusammenfassen.;;umformuliert (Voraussetzung)
prozentrechnung;0;Bruch als Anteil lesen und kürzen (drei von zwölf, gekürzt ein Viertel), auf den Nenner hundert erweitern;;Ich kann einen Anteil als Bruch schreiben und kürzen.;;umformuliert (Voraussetzung)
prozentrechnung;0;Bruch ↔ Dezimalzahl (ein Viertel, drei Fünftel);;Ich kann einen Bruch als Dezimalzahl schreiben.;Schreibe als Dezimalzahl.;umformuliert (Voraussetzung)
prozentrechnung;0;Durch hundert teilen, mit Dezimalzahlen multiplizieren (Kommaverschiebung);;Ich kann durch 100 teilen.;Berechne.;umformuliert (Voraussetzung)
prozentrechnung;0;Hoch- und Runterrechnen in einer Tabelle (Dreisatz, proportionale Zuordnung);;Ich kann mit dem Dreisatz rechnen.;;umformuliert (Voraussetzung)
prozentrechnung;0;Runden auf eine Dezimalstelle;;Ich kann auf eine Stelle nach dem Komma runden.;Runde.;umformuliert (Voraussetzung)
prozentrechnung;0;Bruchteil einer Größe (zwei Drittel von 60 €);;Ich kann einen Bruchteil einer Größe berechnen.;Berechne.;umformuliert (Voraussetzung)
trigonometrie;0;Rechtwinkliges Dreieck erkennen, Rechtwinkelmarke (Bogen mit Punkt), Hypotenuse gegenüber dem rechten Winkel, Katheten am rechten Winkel;;Ich kann im rechtwinkligen Dreieck die Hypotenuse finden.;;umformuliert (Voraussetzung)
trigonometrie;0;Winkel benennen (α, β, γ, auch β1, β2, ε), Winkel messen und schätzen, spitz oder stumpf;;Ich kann erkennen, ob ein Winkel spitz oder stumpf ist.;Kreuze an.;umformuliert (Voraussetzung)
trigonometrie;0;Taschenrechner;;Ich kann mit Klammern in den Taschenrechner tippen.;;umformuliert (Voraussetzung)
trigonometrie;0;Gleichung mit einem Bruch nach einer Größe umstellen, Größe im Zähler (mal) oder im Nenner (geteilt), mit Strich;;Ich kann eine Gleichung mit Bruch umstellen.;Löse die Gleichung.;umformuliert (Voraussetzung)
trigonometrie;0;Bruch als Verhältnis lesen und in eine Dezimalzahl umwandeln;;Ich kann einen Bruch als Dezimalzahl schreiben.;Schreibe als Dezimalzahl.;umformuliert (Voraussetzung)
trigonometrie;0;Satz des Pythagoras als zweiter Weg zur dritten Seite, Vergleich der Ergebnisse;;Ich kann die Hypotenuse mit dem Satz des Pythagoras berechnen.;;umformuliert (Voraussetzung)
trigonometrie;0;Winkelsumme im Dreieck, die beiden spitzen Winkel des rechtwinkligen Dreiecks als Ergänzung, Winkel aus Teilwinkeln (Differenz), Strecke aus Teilstrecken;;Ich kann den dritten Winkel mit der Winkelsumme berechnen.;;umformuliert (Voraussetzung)
trigonometrie;0;Längeneinheiten vor dem Rechnen angleichen (m und km, cm und m), Ergebnis mit Einheit, Runden auf eine Dezimale;;Ich kann Längen in eine andere Einheit umrechnen.;Rechne um.;umformuliert (Voraussetzung)
trigonometrie;0;Höhe, Diagonale, Überstand am Trapez, Fußpunkt auf der Verlängerung beim Parallelogramm, halbe Diagonale im Drachen;;Ich kann Teilstrecken im Trapez berechnen.;;umformuliert (Voraussetzung)
ableitung-und-aenderungsrate;1;Mittlere Änderungsrate;;Ich kann die mittlere Änderungsrate berechnen.;;umformuliert (Kette)
ableitung-und-aenderungsrate;2;Ableitung an einer Stelle;;Ich kann die Ableitung an einer Stelle berechnen und als Steigung deuten.;;umformuliert (Kette, merkmal)
ableitung-und-aenderungsrate;2;*;;Ich kann die momentane Änderungsrate am Graphen bestimmen und Füllgraphen deuten.;;umformuliert (Typen ohne Kette)
ableitung-und-aenderungsrate;3;Von der Sekante zur Tangente;;Ich kann den Übergang von der Sekante zur Tangente berechnen.;;umformuliert (Kette)
ableitung-und-aenderungsrate;3;*;;Ich kann Differenzen- und Differentialquotient an Sekante und Tangente erklären.;;umformuliert (Typen ohne Kette)
ableitung-und-aenderungsrate;4;Die Rate als Funktion;;Ich kann mit einer Änderungsrate als Funktion arbeiten.;;umformuliert (Kette)
ableitungsregeln;1;Potenz-, Faktor- und Summenregel;;Ich kann mit Potenz-, Faktor- und Summenregel ableiten.;;umformuliert (Kette)
ableitungsregeln;1;*;;Ich kann das Verhalten im Unendlichen bestimmen.;;umformuliert (Typen ohne Kette)
ableitungsregeln;2;Kettenregel;;Ich kann mit der Kettenregel ableiten.;;umformuliert (Kette)
ableitungsregeln;2;*;;Ich kann höhere Ableitungen einer Sinusfunktion angeben.;;umformuliert (Typen ohne Kette)
ableitungsregeln;3;Produktregel;;Ich kann mit der Produktregel ableiten.;;umformuliert (Kette)
abstaende;1;Abstand zweier Punkte;;Ich kann den Abstand zweier Punkte berechnen.;;umformuliert (Kette)
abstaende;2;Abstand Punkt–Ebene;;Ich kann den Abstand eines Punktes von einer Ebene berechnen.;;umformuliert (Kette)
abstaende;3;Lotfußpunkt;;Ich kann den Lotfußpunkt und den Abstand Punkt–Gerade bestimmen.;;umformuliert (Kette, merkmal)
abstaende;4;Abstand als Argument;;Ich kann mit Abständen argumentieren.;;umformuliert (Kette)
bedingte-wahrscheinlichkeit-und-bayes;1;Der Quotient;;Ich kann eine bedingte Wahrscheinlichkeit als Quotient berechnen.;;umformuliert (Kette, merkmal)
bedingte-wahrscheinlichkeit-und-bayes;2;Bayes;;Ich kann mit dem Satz von Bayes rechnen.;;umformuliert (Kette)
bedingte-wahrscheinlichkeit-und-bayes;3;Mit Parameter;;Ich kann bedingte Wahrscheinlichkeiten mit einem Parameter aufstellen.;;umformuliert (Kette, merkmal)
binomialverteilung;1;Modell erkennen;;Ich kann erkennen, ob ein Zufallsversuch binomialverteilt ist.;;umformuliert (Kette)
binomialverteilung;2;Bernoulli-Formel;;Ich kann Wahrscheinlichkeiten mit der Bernoulli-Formel berechnen.;;umformuliert (Kette)
binomialverteilung;3;Kumulierte Wahrscheinlichkeiten;;Ich kann kumulierte Wahrscheinlichkeiten bestimmen.;;umformuliert (Kette)
binomialverteilung;3;*;;Ich kann binomiale Wahrscheinlichkeiten in besonderen Fällen berechnen.;;umformuliert (Typen ohne Kette)
binomialverteilung;4;Umkehraufgaben;;Ich kann Umkehraufgaben zur Binomialverteilung lösen.;;umformuliert (Kette)
binomialverteilung;4;*;;Ich kann Trefferzahlen über einer Schranke mit dem Rechner ermitteln.;;umformuliert (Typen ohne Kette)
binomialverteilung;5;Verteilung im Diagramm;;Ich kann eine Binomialverteilung im Diagramm lesen.;;umformuliert (Kette)
binomialverteilung;5;*;;Ich kann Grenzen kumulierter Wahrscheinlichkeiten im Diagramm bestimmen.;;umformuliert (Typen ohne Kette)
binomische-formeln;1;Summe mal Summe;;Ich kann Summen miteinander malnehmen.;;umformuliert (Kette)
binomische-formeln;1;*;;Ich kann Termwerte mit zwei Variablen berechnen.;;umformuliert (Typen ohne Kette)
binomische-formeln;2;Binomische Formeln;;Ich kann mit den binomischen Formeln ausmultiplizieren.;;umformuliert (Kette)
binomische-formeln;2;*;;Ich kann mit den binomischen Formeln im Kopf rechnen.;;umformuliert (Typen ohne Kette)
binomische-formeln;3;Faktorisieren;;Ich kann einen Term mit den binomischen Formeln faktorisieren.;;umformuliert (Kette)
bruchrechnung;1;Addieren/Subtrahieren;;Ich kann Brüche addieren und subtrahieren.;;umformuliert (Kette)
bruchrechnung;1;*;;Ich kann eine ganze Zahl und einen Bruch addieren.;;umformuliert (Typen ohne Kette)
bruchrechnung;2;Dezimal addieren/subtrahieren;;Ich kann Dezimalzahlen addieren und subtrahieren.;;umformuliert (Kette)
bruchrechnung;2;*;;Ich kann mit Dezimalzahlen überschlagen und ganze Zahlen dazurechnen.;;umformuliert (Typen ohne Kette)
bruchrechnung;3;Multiplizieren;;Ich kann Brüche multiplizieren.;;umformuliert (Kette)
bruchrechnung;3;Dividieren;;Ich kann Brüche dividieren.;;umformuliert (Kette)
bruchrechnung;4;Dezimal multiplizieren/dividieren;;Ich kann Dezimalzahlen multiplizieren und dividieren.;;umformuliert (Kette)
bruchrechnung;5;Punkt vor Strich;;Ich kann Punkt vor Strich mit Brüchen und Dezimalzahlen rechnen.;;umformuliert (Kette)
bruchrechnung;5;*;;Ich kann ausklammern, überschlagen und mein Ergebnis prüfen.;;umformuliert (Typen ohne Kette)
brueche-dezimalzahlen;1;Anteil bestimmen;;Ich kann einen Anteil als Bruch angeben.;;umformuliert (Kette)
brueche-dezimalzahlen;1;Bruchteil einer Größe;;Ich kann einen Bruchteil einer Größe berechnen.;;umformuliert (Kette)
brueche-dezimalzahlen;1;*;;Ich kann das Ganze aus einem Bruchteil berechnen.;;umformuliert (Typen ohne Kette)
brueche-dezimalzahlen;2;Kürzen und Erweitern;;Ich kann Brüche kürzen und erweitern.;;umformuliert (Kette)
brueche-dezimalzahlen;2;*;;Ich kann gleichwertige Brüche finden und einen Bruch als Geteilt-Aufgabe lesen.;;umformuliert (Typen ohne Kette)
brueche-dezimalzahlen;3;Vergleichen;;Ich kann Brüche vergleichen.;;umformuliert (Kette)
brueche-dezimalzahlen;3;*;;Ich kann eine Zahl zwischen zwei Brüchen angeben.;;umformuliert (Typen ohne Kette)
brueche-dezimalzahlen;4;Umwandeln;;Ich kann Brüche und Dezimalzahlen ineinander umwandeln.;;umformuliert (Kette)
brueche-dezimalzahlen;4;*;;Ich kann Dezimalzahlen in der Stellenwerttafel lesen und in Schritten zählen.;;umformuliert (Typen ohne Kette)
brueche-dezimalzahlen;5;Vergleichen und Ordnen;;Ich kann Dezimalzahlen vergleichen und ordnen.;;umformuliert (Kette)
brueche-dezimalzahlen;5;*;;Ich kann gemischte Zahlen ordnen und Aussagen dazu prüfen.;;umformuliert (Typen ohne Kette)
daten;1;Häufigkeiten;;Ich kann Häufigkeiten auszählen.;;umformuliert (Kette)
daten;1;Häufigkeiten, Sek II;;Ich kann relative Häufigkeiten berechnen.;;umformuliert (Kette, merkmal)
daten;1;*;;Ich kann Daten in Klassen einteilen und darstellen.;;umformuliert (Typen ohne Kette)
daten;2;Diagramme lesen;;Ich kann Werte aus Diagrammen ablesen.;;umformuliert (Kette)
daten;2;*;;Ich kann ein Diagramm aus einer Tabelle zeichnen.;;umformuliert (Typen ohne Kette)
daten;3;Anteile darstellen;;Ich kann Anteile in Streifen und Kreis darstellen.;;umformuliert (Kette)
daten;3;*;;Ich kann einen Anteil aus einem Kreissektor schätzen.;;umformuliert (Typen ohne Kette)
daten;4;Kenngrößen;;Ich kann Minimum, Maximum, Spannweite, Mittelwert und Median bestimmen.;;umformuliert (Kette, Mappe)
daten;4;Kenngrößen aus Listen, Sek II;;Ich kann Mittelwert und Standardabweichung einer Liste berechnen.;;umformuliert (Kette, merkmal)
daten;4;*;;Ich kann Mittelwert und Median vergleichen.;;umformuliert (Typen ohne Kette)
daten;5;Beurteilen;;Ich kann Aussagen zu Daten beurteilen.;;umformuliert (Kette)
daten;5;Boxplot;;Ich kann einen Boxplot lesen und zeichnen.;;umformuliert (Kette)
daten;5;*;;Ich kann gedehnte Achsen erkennen.;;umformuliert (Typen ohne Kette)
daten;6;Kenngrößen aus Tabellen und Klassen;;Ich kann den Mittelwert aus einer Häufigkeitstabelle berechnen.;;umformuliert (Kette, merkmal)
daten;7;Vierfeldertafel füllen;;Ich kann eine Vierfeldertafel ausfüllen.;;umformuliert (Kette)
daten;7;Anteile unterscheiden;;Ich kann Anteile in einer Vierfeldertafel unterscheiden.;;umformuliert (Kette)
ebenen;1;Parameterform;;Ich kann eine Ebene in Parameterform aufstellen.;;umformuliert (Kette)
ebenen;2;Koordinatengleichung bestimmen;;Ich kann die Koordinatengleichung einer Ebene bestimmen.;;umformuliert (Kette)
ebenen;2;Normalenvektor und Nachweise;;Ich kann den Normalenvektor ablesen und damit Nachweise führen.;;umformuliert (Kette)
ebenen;3;Besondere Lagen;;Ich kann besondere Lagen von Ebenen erkennen.;;umformuliert (Kette)
ebenen;4;Parallele Ebenen;;Ich kann parallele Ebenen aufstellen.;;umformuliert (Kette)
ebenen;4;*;;Ich kann parallele Ebenen an den Normalenvektoren erkennen.;;umformuliert (Typen ohne Kette)
einheiten;1;Länge, Masse und Geld umrechnen;;Ich kann Länge, Masse und Geld umrechnen.;;umformuliert (Kette)
einheiten;1;Maßstab im Koordinatensystem, Sek II;;Ich kann Längen im Koordinatensystem mit dem Maßstab umrechnen.;;umformuliert (Kette)
einheiten;1;*;;Ich kann Größen ordnen und passend zuordnen.;;umformuliert (Typen ohne Kette)
einheiten;2;Zeit umrechnen und Zeitspannen berechnen;;Ich kann Zeiten umrechnen und Zeitspannen berechnen.;;umformuliert (Kette)
einheiten;2;*;;Ich kann mit Uhrzeiten und Fahrplänen rechnen.;;umformuliert (Typen ohne Kette)
einheiten;3;Flächen- und Volumeneinheiten umrechnen;;Ich kann Flächen- und Volumeneinheiten umrechnen.;;umformuliert (Kette)
einheiten;3;Flächen- und Volumeneinheiten im Koordinatensystem, Sek II;;Ich kann Flächen und Volumen im Koordinatensystem mit dem Maßstab umrechnen.;;umformuliert (Kette)
einheiten;3;*;;Ich kann Flächeneinheiten ordnen und zuordnen.;;umformuliert (Typen ohne Kette)
einheiten;4;Mit Größen rechnen im Sachzusammenhang;;Ich kann in Sachaufgaben mit Größen rechnen.;;umformuliert (Kette)
einheiten;4;Kosten und Einnahmen, Sek II;;Ich kann Kosten und Einnahmen berechnen.;;umformuliert (Kette)
einheiten;4;*;;Ich kann mit Euro und Cent und mit der Dichte rechnen.;;umformuliert (Typen ohne Kette)
extremalprobleme;1;Figur und Term;;Ich kann Maße einer Figur als Term der Stelle angeben.;;umformuliert (Kette, merkmal)
extremalprobleme;2;Zielfunktion aufstellen;;Ich kann eine Zielfunktion aufstellen.;;umformuliert (Kette)
extremalprobleme;3;Maximum bestimmen;;Ich kann das Maximum einer Zielfunktion bestimmen.;;umformuliert (Kette)
extremalprobleme;3;*;;Ich kann den kleinsten Abstand eines Punktes zu einem Graphen bestimmen.;;umformuliert (Typen ohne Kette)
flaechen;1;Rechteck;;Ich kann Flächeninhalt und Umfang eines Rechtecks berechnen.;;umformuliert (Kette)
flaechen;1;*;;Ich kann zusammengesetzte Rechtecksflächen berechnen.;;umformuliert (Typen ohne Kette)
flaechen;2;Parallelogramm;;Ich kann den Flächeninhalt eines Parallelogramms berechnen.;;umformuliert (Kette)
flaechen;2;*;;Ich kann den Umfang eines Parallelogramms berechnen.;;umformuliert (Typen ohne Kette)
flaechen;3;Dreieck;;Ich kann den Flächeninhalt eines Dreiecks berechnen.;;umformuliert (Kette)
flaechen;3;*;;Ich kann die passende Höhe wählen und den Umfang eines Dreiecks berechnen.;;umformuliert (Typen ohne Kette)
flaechen;4;Trapez;;Ich kann den Flächeninhalt eines Trapezes berechnen.;;umformuliert (Kette)
flaechen;4;*;;Ich kann Umfang und Diagonalen am Trapez berechnen.;;umformuliert (Typen ohne Kette)
flaechen;5;Zusammengesetzte Figuren;;Ich kann den Flächeninhalt zusammengesetzter Figuren berechnen.;;umformuliert (Kette)
flaechen;5;*;;Ich kann Flächen in Sachaufgaben vergleichen.;;umformuliert (Typen ohne Kette)
flaecheninhalt-durch-integration;1;Fläche zwischen Graph und x-Achse;;Ich kann die Fläche zwischen Graph und x-Achse berechnen.;;umformuliert (Kette)
flaecheninhalt-durch-integration;2;Fläche zwischen zwei Graphen;;Ich kann die Fläche zwischen zwei Graphen berechnen.;;umformuliert (Kette)
flaecheninhalt-durch-integration;3;Zusammensetzen, Maßstab, Volumen;;Ich kann Flächen zusammensetzen und mit Maßstab und Volumen rechnen.;;umformuliert (Kette)
flaecheninhalt-durch-integration;4;Flächenbedingungen;;Ich kann einen Parameter aus einer Flächenbedingung bestimmen.;;umformuliert (Kette, merkmal)
flaecheninhalt-durch-integration;5;Flächenbilanz;;Ich kann eine Flächenbilanz am Graphen schätzen und deuten.;;umformuliert (Kette)
flaecheninhalt-und-volumen-im-raum;1;Dreiecksflächen;;Ich kann Dreiecksflächen im Raum berechnen.;;umformuliert (Kette)
flaecheninhalt-und-volumen-im-raum;2;Vierecksflächen;;Ich kann Vierecksflächen im Raum berechnen.;;umformuliert (Kette)
flaecheninhalt-und-volumen-im-raum;2;*;;Ich kann den Flächeninhalt eines Schattens berechnen.;;umformuliert (Typen ohne Kette)
flaecheninhalt-und-volumen-im-raum;3;Volumen und Oberfläche;;Ich kann Volumen und Oberfläche von Körpern im Raum berechnen.;;umformuliert (Kette)
flaecheninhalt-und-volumen-im-raum;4;Zusammengesetzt und Verhältnisse;;Ich kann zusammengesetzte Körper und Volumenverhältnisse berechnen.;;umformuliert (Kette)
funktionsklassen-und-eigenschaften;1;Funktionswert und Punkt;;Ich kann Funktionswerte berechnen und als Punkt angeben.;;umformuliert (Kette)
funktionsklassen-und-eigenschaften;1;*;;Ich kann Werte mit vorgegebener Lösungsanzahl bestimmen.;;umformuliert (Typen ohne Kette)
funktionsklassen-und-eigenschaften;2;Nullstellen;;Ich kann Nullstellen bestimmen.;;umformuliert (Kette)
funktionsklassen-und-eigenschaften;2;*;;Ich kann den y-Achsenabschnitt und die Zahl der Nullstellen angeben.;;umformuliert (Typen ohne Kette)
funktionsklassen-und-eigenschaften;3;Definitionsbereich, Wertemenge und Schranken;;Ich kann Definitionsbereich und Wertemenge angeben.;;umformuliert (Kette)
funktionsklassen-und-eigenschaften;4;Symmetrie;;Ich kann die Symmetrie eines Graphen nachweisen.;;umformuliert (Kette)
funktionsklassen-und-eigenschaften;5;Transformationen;;Ich kann Verschiebungen und Streckungen am Term erkennen.;;umformuliert (Kette, merkmal)
funktionsklassen-und-eigenschaften;6;Graph und Term;;Ich kann Graph und Term einander zuordnen.;;umformuliert (Kette)
funktionsscharen-und-ortskurven;1;Scharbegriff und Parameterwert;;Ich kann in eine Funktionsschar einen Parameterwert einsetzen.;;umformuliert (Kette, merkmal)
funktionsscharen-und-ortskurven;2;Eigenschaften aller Graphen;;Ich kann Eigenschaften aller Graphen einer Schar bestimmen.;;umformuliert (Kette)
funktionsscharen-und-ortskurven;3;Extrem- und Wendepunkte mit Parameter;;Ich kann Extrem- und Wendepunkte mit Parameter berechnen.;;umformuliert (Kette)
funktionsscharen-und-ortskurven;4;Parameter aus Bedingungen;;Ich kann einen Parameter aus einer Bedingung bestimmen.;;umformuliert (Kette)
funktionsscharen-und-ortskurven;5;Ortskurve und Kurvenvergleich;;Ich kann eine Ortskurve bestimmen.;;umformuliert (Kette)
geraden;1;Geradengleichung aufstellen und lesen;;Ich kann eine Geradengleichung aufstellen und lesen.;;umformuliert (Kette)
geraden;2;Punktprobe und Punkte auf der Geraden;;Ich kann prüfen, ob ein Punkt auf einer Geraden liegt.;;umformuliert (Kette)
geraden;2;*;;Ich kann einen Punkt mit vorgegebenem Abstand auf einer Geraden finden.;;umformuliert (Typen ohne Kette)
geraden;3;Lage als Anhang;;Ich kann die Lage zweier Geraden mit gemeinsamem Punkt beschreiben.;;umformuliert (Kette, merkmal)
geraden;4;Sachgeraden;;Ich kann Geraden in Sachaufgaben aufstellen und deuten.;;umformuliert (Kette)
geraden;4;*;;Ich kann Abstände aus Neigung und Höhe berechnen.;;umformuliert (Typen ohne Kette)
gleichungen-loesen;1;Schnittpunkte und Stellen;;Ich kann Schnittpunkte zweier Graphen berechnen.;;umformuliert (Kette)
gleichungen-loesen;1;*;;Ich kann die Breite eines Profils in einer Höhe bestimmen.;;umformuliert (Typen ohne Kette)
gleichungen-loesen;2;Gleichungen mit e-Funktion und Logarithmus;;Ich kann Gleichungen mit e-Funktion und Logarithmus lösen.;;umformuliert (Kette)
gleichungen-loesen;2;*;;Ich kann Schnittpunkte durch Ausklammern bestimmen.;;umformuliert (Typen ohne Kette)
gleichungen-loesen;3;Gleichungen aufstellen und grafisch oder numerisch lösen;;Ich kann Gleichungen grafisch oder mit dem Rechner lösen.;;umformuliert (Kette)
gleichungen-loesen;3;*;;Ich kann Schnittpunkte mit dem Rechner ermitteln.;;umformuliert (Typen ohne Kette)
gleichungen-loesen;4;Ungleichungen;;Ich kann Ungleichungen lösen.;;umformuliert (Kette)
gleichungen-loesen;4;*;;Ich kann bestimmen, wo eine Funktion einen Wert überschreitet.;;umformuliert (Typen ohne Kette)
grenzwerte-und-verhalten-im-unendlichen;1;Ganzrationale Funktionen;;Ich kann das Verhalten ganzrationaler Funktionen im Unendlichen bestimmen.;;umformuliert (Kette)
grenzwerte-und-verhalten-im-unendlichen;2;Produkte aus Polynom und e-Funktion;;Ich kann das Verhalten von Polynom mal e-Funktion im Unendlichen bestimmen.;;umformuliert (Kette)
grenzwerte-und-verhalten-im-unendlichen;3;Waagerechte Asymptoten;;Ich kann waagerechte Asymptoten angeben.;;umformuliert (Kette)
hypergeometrische-verteilung;1;Genau k ohne Zurücklegen;;Ich kann Wahrscheinlichkeiten beim Ziehen ohne Zurücklegen berechnen.;;umformuliert (Kette)
hypergeometrische-verteilung;2;Kumulieren;;Ich kann Wahrscheinlichkeiten ohne Zurücklegen aufsummieren.;;umformuliert (Kette)
hypothesentests;1;Entscheidungsregel;;Ich kann eine Entscheidungsregel für einen Test aufstellen.;;umformuliert (Kette)
hypothesentests;1;*;;Ich kann die Ablehnungsgrenze bei größerem Stichprobenumfang bestimmen.;;umformuliert (Typen ohne Kette)
hypothesentests;2;Wahl der Nullhypothese;;Ich kann die Nullhypothese begründet wählen.;;umformuliert (Kette)
hypothesentests;3;Fehlerarten und Güte;;Ich kann Fehler erster und zweiter Art berechnen und deuten.;;umformuliert (Kette)
hypothesentests;3;*;;Ich kann Fehlentscheidungen eines Tests im Sachzusammenhang beschreiben.;;umformuliert (Typen ohne Kette)
integrationsregeln;1;Der Regelsatz;;Ich kann Stammfunktionen mit den Integrationsregeln bilden.;;umformuliert (Kette)
integrationsregeln;2;Vorgegebene Regeln anwenden;;Ich kann eine vorgegebene Integrationsregel anwenden.;;umformuliert (Kette)
kenngroessen-von-verteilungen;1;Erwartungswert berechnen und deuten;;Ich kann den Erwartungswert berechnen und deuten.;;umformuliert (Kette)
kenngroessen-von-verteilungen;1;*;;Ich kann Abweichungen vom Erwartungswert und Erwartungswerte in Sachaufgaben berechnen.;;umformuliert (Typen ohne Kette)
kenngroessen-von-verteilungen;2;Rückwärts;;Ich kann aus dem Erwartungswert eine fehlende Größe bestimmen.;;umformuliert (Kette, merkmal)
kenngroessen-von-verteilungen;2;*;;Ich kann Spielregeln über den Erwartungswert fair machen.;;umformuliert (Typen ohne Kette)
kenngroessen-von-verteilungen;3;Streuung;;Ich kann die Standardabweichung einer Verteilung berechnen.;;umformuliert (Kette)
kenngroessen-von-verteilungen;3;*;;Ich kann aus der Standardabweichung den Stichprobenumfang bestimmen.;;umformuliert (Typen ohne Kette)
kenngroessen-von-verteilungen;4;Diagramm;;Ich kann Erwartungswert und Streuung im Diagramm ablesen.;;umformuliert (Kette)
koerper;1;Körper und Netze;;Ich kann Körper und ihre Netze erkennen.;;umformuliert (Kette)
koerper;1;*;;Ich kann Schrägbilder lesen und Flächen eines Körpers benennen.;;umformuliert (Typen ohne Kette)
koerper;2;Quader;;Ich kann Volumen und Oberfläche eines Quaders berechnen.;;umformuliert (Kette)
koerper;2;*;;Ich kann mit Litern, Würfelkanten und offenen Kisten rechnen.;;umformuliert (Typen ohne Kette)
koerper;3;Prisma;;Ich kann Volumen und Oberfläche eines Prismas berechnen.;;umformuliert (Kette)
koerper;4;Zylinder;;Ich kann Volumen und Oberfläche eines Zylinders berechnen.;;umformuliert (Kette)
koerper;5;Zusammengesetzt;;Ich kann das Volumen zusammengesetzter Körper berechnen.;;umformuliert (Kette)
koerper;5;*;;Ich kann Füllstände und Oberflächen zusammengesetzter Körper berechnen.;;umformuliert (Typen ohne Kette)
kombinatorik;1;Zählprinzip und Anordnungen;;Ich kann Möglichkeiten mit dem Zählprinzip zählen.;;umformuliert (Kette)
kombinatorik;2;Auswahlen und Binomialkoeffizient;;Ich kann Auswahlen mit dem Binomialkoeffizienten zählen.;;umformuliert (Kette)
kombinatorik;3;Zählen mit Bedingungen und Wahrscheinlichkeitsterme;;Ich kann mit Bedingungen zählen und Wahrscheinlichkeiten aufstellen.;;umformuliert (Kette)
konfidenzintervalle;1;Lesen und Überdeckung;;Ich kann ein Konfidenzintervall ablesen.;;umformuliert (Kette)
konfidenzintervalle;2;Näherungsformel;;Ich kann ein Konfidenzintervall mit der Näherungsformel berechnen.;;umformuliert (Kette)
konfidenzintervalle;2;*;;Ich kann prüfen, ob eine Wahrscheinlichkeit zum Intervall passt.;;umformuliert (Typen ohne Kette)
konfidenzintervalle;3;Argumente;;Ich kann mit Konfidenzintervallen argumentieren.;;umformuliert (Kette)
kreis;1;Umfang;;Ich kann den Umfang eines Kreises berechnen.;;umformuliert (Kette)
kreis;1;*;;Ich kann Kreise zeichnen und Radius, Durchmesser und Mittelpunkt benennen.;;umformuliert (Typen ohne Kette)
kreis;2;Fläche;;Ich kann den Flächeninhalt eines Kreises berechnen.;;umformuliert (Kette)
kreis;2;*;;Ich kann Kreisformeln in Sachaufgaben wählen und anwenden.;;umformuliert (Typen ohne Kette)
kreis;3;Kreisteile;;Ich kann Kreisausschnitte und Kreisbögen berechnen.;;umformuliert (Kette)
kreis;3;*;;Ich kann Kreisausschnitte in Sachaufgaben berechnen.;;umformuliert (Typen ohne Kette)
kurvenuntersuchung;1;Monotonie;;Ich kann bestimmen, wo ein Graph steigt oder fällt.;;umformuliert (Kette)
kurvenuntersuchung;2;Extrempunkte berechnen;;Ich kann Extrempunkte berechnen.;;umformuliert (Kette)
kurvenuntersuchung;2;Extrempunkte nachweisen;;Ich kann Extrempunkte nachweisen.;;umformuliert (Kette)
kurvenuntersuchung;2;*;;Ich kann mit Extrempunkten argumentieren.;;umformuliert (Typen ohne Kette)
kurvenuntersuchung;3;Wendepunkte und Krümmung;;Ich kann Wendepunkte und Krümmung bestimmen.;;umformuliert (Kette)
kurvenuntersuchung;3;*;;Ich kann Wendepunkte und Wendetangenten weiterverwenden.;;umformuliert (Typen ohne Kette)
kurvenuntersuchung;4;Graph und Ableitungsgraph;;Ich kann Graph und Ableitungsgraph einander zuordnen.;;umformuliert (Kette)
kurvenuntersuchung;4;*;;Ich kann Eigenschaften von Graphen indirekt nachweisen.;;umformuliert (Typen ohne Kette)
kurvenuntersuchung;5;Sachzusammenhang;;Ich kann eine Kurvenuntersuchung im Sachzusammenhang deuten.;;umformuliert (Kette)
kurvenuntersuchung;5;*;;Ich kann Funktionswerte im Sachzusammenhang deuten und ablesen.;;umformuliert (Typen ohne Kette)
lagebeziehungen;1;Punktprobe und Seitenlage;;Ich kann prüfen, ob ein Punkt in einer Ebene liegt.;;umformuliert (Kette)
lagebeziehungen;2;Parameter aus der Lagebedingung;;Ich kann einen Parameter aus einer Lagebedingung bestimmen.;;umformuliert (Kette)
lagebeziehungen;3;Gerade und Ebene;;Ich kann die Lage von Gerade und Ebene bestimmen.;;umformuliert (Kette)
lagebeziehungen;4;Lagebefunde im Sachzusammenhang;;Ich kann Lagebeziehungen im Sachzusammenhang deuten.;;umformuliert (Kette)
lagebeziehungen;4;*;;Ich kann die Länge eines Schattens über Schnittpunkte berechnen.;;umformuliert (Typen ohne Kette)
lineare-funktionen;1;Proportionale Funktion;;Ich kann eine proportionale Funktion aufstellen und zeichnen.;;umformuliert (Kette)
lineare-funktionen;1;*;;Ich kann mit dem Dreisatz kontrollieren.;;umformuliert (Typen ohne Kette)
lineare-funktionen;2;Ablesen;;Ich kann m und n am Graphen ablesen.;;umformuliert (Kette)
lineare-funktionen;2;*;;Ich kann m und n deuten.;;umformuliert (Typen ohne Kette)
lineare-funktionen;3;Funktionswert;;Ich kann Funktionswerte einer linearen Funktion berechnen.;;umformuliert (Kette)
lineare-funktionen;3;*;;Ich kann Wertetabelle und y-Achsenabschnitt angeben.;;umformuliert (Typen ohne Kette)
lineare-funktionen;4;Gleichung bestimmen;;Ich kann die Gleichung einer Geraden bestimmen.;;umformuliert (Kette)
lineare-funktionen;4;*;;Ich kann eine Gerade durch zwei Punkte zeichnen und Schnittpunkte berechnen.;;umformuliert (Typen ohne Kette)
lineare-funktionen;5;Anwendung;;Ich kann lineare Funktionen bei Tarifen anwenden.;;umformuliert (Kette)
lineare-funktionen;5;*;;Ich kann Graphen und Gleichungen Sachsituationen zuordnen.;;umformuliert (Typen ohne Kette)
lineare-gleichungen;1;Lösung prüfen;;Ich kann eine Lösung durch Einsetzen prüfen.;;umformuliert (Kette)
lineare-gleichungen;1;Durch Probieren lösen;;Ich kann eine Gleichung durch Probieren lösen.;;umformuliert (Kette)
lineare-gleichungen;2;Umformen;;Ich kann eine Gleichung durch Umformen lösen.;;umformuliert (Kette)
lineare-gleichungen;3;x beidseitig;;Ich kann eine Gleichung mit x auf beiden Seiten lösen.;;umformuliert (Kette)
lineare-gleichungen;3;*;;Ich kann Gleichungen mit Dezimalzahlen lösen.;;umformuliert (Typen ohne Kette)
lineare-gleichungen;4;Aufstellen;;Ich kann zu einem Text eine Gleichung aufstellen.;;umformuliert (Kette)
lineare-gleichungen;4;*;;Ich kann eine Formel umstellen.;;umformuliert (Typen ohne Kette)
lineare-gleichungssysteme;1;Grafisch;;Ich kann ein Gleichungssystem grafisch lösen.;;umformuliert (Kette)
lineare-gleichungssysteme;1;Grafisch, Sek II;;Ich kann die Lösungsvielfalt eines Gleichungssystems grafisch zeigen.;;umformuliert (Kette, merkmal)
lineare-gleichungssysteme;2;Einsetzen;;Ich kann ein Gleichungssystem mit dem Einsetzungsverfahren lösen.;;umformuliert (Kette)
lineare-gleichungssysteme;2;*;;Ich kann Gleichungssysteme mit Bruch als Lösung lösen.;;umformuliert (Typen ohne Kette)
lineare-gleichungssysteme;3;Addition;;Ich kann ein Gleichungssystem mit dem Additionsverfahren lösen.;;umformuliert (Kette)
lineare-gleichungssysteme;3;Addition, Sek II;;Ich kann mit dem Additionsverfahren die Zahl der Lösungen erkennen.;;umformuliert (Kette, merkmal)
lineare-gleichungssysteme;3;*;;Ich kann Gleichungssysteme mit Dezimalzahlen und Brüchen lösen.;;umformuliert (Typen ohne Kette)
lineare-gleichungssysteme;4;Sachaufgaben;;Ich kann zu einer Sachaufgabe ein Gleichungssystem aufstellen.;;umformuliert (Kette)
lineare-gleichungssysteme;4;Sachaufgaben, Sek II;;Ich kann ein Gleichungssystem im Sachzusammenhang deuten.;;umformuliert (Kette, merkmal)
lineare-gleichungssysteme;4;*;;Ich kann Gleichungssysteme bei Mischungen und Altersrätseln aufstellen und prüfen.;;umformuliert (Typen ohne Kette)
lineare-gleichungssysteme;5;Drei Variablen und Lösungsvielfalt;;Ich kann Gleichungssysteme mit drei Variablen lösen.;;umformuliert (Kette)
linearkombination-und-lineare-abhaengigkeit;1;Kollinearität und lineare Abhängigkeit;;Ich kann lineare Abhängigkeit von Vektoren prüfen.;;umformuliert (Kette)
linearkombination-und-lineare-abhaengigkeit;2;Linearkombination mit Nebenbedingung;;Ich kann einen Vektor als Linearkombination darstellen.;;umformuliert (Kette)
matrizen-und-uebergangsprozesse;1;Matrizen als Rechenobjekte;;Ich kann eine Matrix mit einem Vektor multiplizieren.;;umformuliert (Kette, merkmal)
matrizen-und-uebergangsprozesse;2;Vektoren unter Matrizen;;Ich kann Fixvektoren einer Matrix bestimmen.;;umformuliert (Kette, merkmal)
matrizen-und-uebergangsprozesse;3;Verflechtung;;Ich kann Verflechtungen mit Matrizen berechnen.;;umformuliert (Kette)
matrizen-und-uebergangsprozesse;4;Übergangsmodell;;Ich kann ein Übergangsmodell als Graph und Matrix darstellen.;;umformuliert (Kette)
matrizen-und-uebergangsprozesse;5;Stationär und langfristig;;Ich kann die stationäre Verteilung bestimmen.;;umformuliert (Kette)
matrizen-und-uebergangsprozesse;5;*;;Ich kann beurteilen, ob ein Modell langfristig passt.;;umformuliert (Typen ohne Kette)
normalverteilung-und-sigma-regeln;1;Modell und Glockenkurve;;Ich kann die Glockenkurve einer Normalverteilung deuten.;;umformuliert (Kette)
normalverteilung-und-sigma-regeln;2;Wahrscheinlichkeiten berechnen;;Ich kann Wahrscheinlichkeiten einer Normalverteilung berechnen.;;umformuliert (Kette)
normalverteilung-und-sigma-regeln;3;Umkehraufgaben und Argumente;;Ich kann Umkehraufgaben zur Normalverteilung lösen.;;umformuliert (Kette)
normalverteilung-und-sigma-regeln;3;*;;Ich kann die Standardabweichung aus einer Wahrscheinlichkeit bestimmen.;;umformuliert (Typen ohne Kette)
orthogonalitaet;1;Rechte Winkel nachweisen;;Ich kann einen rechten Winkel mit dem Skalarprodukt nachweisen.;;umformuliert (Kette)
orthogonalitaet;2;Rechte Winkel rückwärts;;Ich kann eine Koordinate so bestimmen, dass ein rechter Winkel entsteht.;;umformuliert (Kette, merkmal)
orthogonalitaet;3;Senkrecht zu Geraden und Ebenen;;Ich kann prüfen, ob Geraden und Ebenen senkrecht stehen.;;umformuliert (Kette)
orthogonalitaet;4;Lot und Extremum;;Ich kann den kürzesten Abstand über das Lot bestimmen.;;umformuliert (Kette)
orthogonalitaet;4;*;;Ich kann das flächenkleinste Dreieck begründen.;;umformuliert (Typen ohne Kette)
potenz-exponentialfunktionen;1;Wachstumsart erkennen und begründen;;Ich kann erkennen und begründen, ob Wachstum linear oder exponentiell ist.;;umformuliert (Kette)
potenz-exponentialfunktionen;1;Graph zu einem Wachstumsprozess auswählen;;Ich kann den passenden Graphen zu einem Wachstum auswählen.;;umformuliert (Kette)
potenz-exponentialfunktionen;1;Wertepaare darstellen;;Ich kann Wertepaare im Koordinatensystem darstellen.;;umformuliert (Kette)
potenz-exponentialfunktionen;2;Wachstumsfaktor bestimmen;;Ich kann den Wachstumsfaktor bestimmen.;;umformuliert (Kette)
potenz-exponentialfunktionen;3;Exponentialfunktion aufstellen und deuten;;Ich kann eine Exponentialfunktion aufstellen und deuten.;;umformuliert (Kette)
potenz-exponentialfunktionen;3;Wert und Schwellenwert berechnen;;Ich kann Werte und Schwellenwerte beim Wachstum berechnen.;;umformuliert (Kette)
potenz-exponentialfunktionen;4;Verdopplungs- und Halbwertszeit;;Ich kann Verdopplungs- und Halbwertszeit bestimmen.;;umformuliert (Kette)
potenz-exponentialfunktionen;5;Wertetabelle und Graph;;Ich kann Wertetabelle und Graph einer Potenzfunktion erstellen.;;umformuliert (Kette)
potenz-exponentialfunktionen;5;Funktionswert, Punktprobe und Argument;;Ich kann bei Potenzfunktionen Werte berechnen und Punkte prüfen.;;umformuliert (Kette)
potenz-exponentialfunktionen;5;Potenzfunktion vom exponentiellen Term unterscheiden;;Ich kann Potenzfunktion und Exponentialfunktion unterscheiden.;;umformuliert (Kette)
potenzen-wurzeln;1;Potenzen;;Ich kann Potenzen berechnen.;;umformuliert (Kette)
potenzen-wurzeln;1;*;;Ich kann Potenzen von Brüchen berechnen und vergleichen.;;umformuliert (Typen ohne Kette)
potenzen-wurzeln;2;Zehnerpotenzen;;Ich kann mit Zehnerpotenzen umgehen.;;umformuliert (Kette)
potenzen-wurzeln;3;Quadratwurzeln;;Ich kann Quadratwurzeln ziehen.;;umformuliert (Kette)
prozentrechnung;1;Umwandeln;;Ich kann Anteile in Prozent umwandeln.;;umformuliert (Kette)
prozentrechnung;1;*;;Ich kann Prozentangaben ordnen.;;umformuliert (Typen ohne Kette)
prozentrechnung;2;*;;Ich kann zu einem Prozentsatz ein passendes Zahlenpaar angeben.;;umformuliert (Typen ohne Kette)
prozentrechnung;3;Prozentwert;;Ich kann den Prozentwert berechnen.;;umformuliert (Kette)
prozentrechnung;3;*;;Ich kann die Mehrwertsteuer in Euro berechnen.;;umformuliert (Typen ohne Kette)
prozentrechnung;4;Grundwert;;Ich kann den Grundwert berechnen.;;umformuliert (Kette)
prozentrechnung;5;Veränderung;;Ich kann prozentuale Veränderungen berechnen.;;umformuliert (Kette)
punkte-und-strecken-im-koordinatensystem;1;Darstellen und Lage lesen;;Ich kann Punkte im räumlichen Koordinatensystem darstellen und ablesen.;;umformuliert (Kette)
punkte-und-strecken-im-koordinatensystem;2;Streckenlänge, Mittelpunkt, Teilpunkte;;Ich kann Streckenlänge und Mittelpunkt berechnen.;;umformuliert (Kette)
punkte-und-strecken-im-koordinatensystem;3;Dreiecke nachweisen;;Ich kann besondere Dreiecke im Raum nachweisen.;;umformuliert (Kette)
punkte-und-strecken-im-koordinatensystem;4;Vierecke nachweisen;;Ich kann besondere Vierecke im Raum nachweisen.;;umformuliert (Kette)
punkte-und-strecken-im-koordinatensystem;5;Körper und Drehungen;;Ich kann Eckpunkte von Körpern im Raum bestimmen.;;umformuliert (Kette)
pyramide-kegel-kugel;1;Pyramide;;Ich kann Volumen und Oberfläche einer Pyramide berechnen.;;umformuliert (Kette)
pyramide-kegel-kugel;2;Kegel;;Ich kann Volumen und Oberfläche eines Kegels berechnen.;;umformuliert (Kette)
pyramide-kegel-kugel;3;Kugel;;Ich kann Volumen und Oberfläche einer Kugel berechnen.;;umformuliert (Kette)
pythagoras;1;Hypotenuse;;Ich kann die Hypotenuse mit dem Satz des Pythagoras berechnen.;;umformuliert (Kette)
pythagoras;1;*;;Ich kann den Satz des Pythagoras an Quadraten zeigen und sinnvoll runden.;;umformuliert (Typen ohne Kette)
pythagoras;2;Kathete;;Ich kann eine Kathete mit dem Satz des Pythagoras berechnen.;;umformuliert (Kette)
pythagoras;2;*;;Ich kann pythagoreische Zahlentripel erkennen.;;umformuliert (Typen ohne Kette)
pythagoras;3;Figuren und Körper;;Ich kann den Satz des Pythagoras in Figuren und Körpern anwenden.;;umformuliert (Kette)
pythagoras;3;*;;Ich kann den Satz des Pythagoras in Sachaufgaben mit Skizze anwenden.;;umformuliert (Typen ohne Kette)
quadratische-funktionen;1;Normalparabel und Streckfaktor;;Ich kann Normalparabel und gestreckte Parabeln zeichnen.;;umformuliert (Kette)
quadratische-funktionen;2;Scheitelpunktform;;Ich kann mit der Scheitelpunktform arbeiten.;;umformuliert (Kette)
quadratische-funktionen;3;Normalform;;Ich kann mit der Normalform einer Parabel arbeiten.;;umformuliert (Kette)
quadratische-funktionen;4;Nullstellen und Schnittpunkte;;Ich kann Nullstellen und Schnittpunkte von Parabeln berechnen.;;umformuliert (Kette)
quadratische-gleichungen;1;Wurzelziehen und Lösbarkeit;;Ich kann quadratische Gleichungen durch Wurzelziehen lösen.;;umformuliert (Kette)
quadratische-gleichungen;2;Nullprodukt;;Ich kann quadratische Gleichungen mit dem Satz vom Nullprodukt lösen.;;umformuliert (Kette)
quadratische-gleichungen;3;*;;Ich kann Gerade und Parabel gleichsetzen.;;umformuliert (Typen ohne Kette)
quadratische-gleichungen;4;Sachaufgaben;;Ich kann Sachaufgaben mit quadratischen Gleichungen lösen.;;umformuliert (Kette)
quadratische-gleichungen;4;*;;Ich kann Aufgaben zum Quadrat mit Rand lösen.;;umformuliert (Typen ohne Kette)
rationale-zahlen;1;Ordnen;;Ich kann rationale Zahlen ordnen.;;umformuliert (Kette)
rationale-zahlen;1;*;;Ich kann die Mitte zweier Zahlen angeben und Punkte in vier Quadranten eintragen.;;umformuliert (Typen ohne Kette)
rationale-zahlen;2;Addieren/Subtrahieren;;Ich kann rationale Zahlen addieren und subtrahieren.;;umformuliert (Kette)
rationale-zahlen;2;*;;Ich kann mit Beträgen, Brüchen und Dezimalzahlen plus und minus rechnen.;;umformuliert (Typen ohne Kette)
rationale-zahlen;3;Multiplizieren/Dividieren;;Ich kann rationale Zahlen multiplizieren und dividieren.;;umformuliert (Kette)
rationale-zahlen;3;*;;Ich kann Vorzeichenregeln prüfen.;;umformuliert (Typen ohne Kette)
rationale-zahlen;4;Terme und Sachaufgaben;;Ich kann mit rationalen Zahlen in Termen und Sachaufgaben rechnen.;;umformuliert (Kette)
rationale-zahlen;4;*;;Ich kann mit Rechenvorteilen geschickt rechnen.;;umformuliert (Typen ohne Kette)
reelle-zahlen;1;Zahlbereiche und irrationale Zahlen;;Ich kann rationale und irrationale Zahlen unterscheiden.;;umformuliert (Kette)
reelle-zahlen;1;*;;Ich kann Dezimalzahlen als Bruch schreiben und Zahlbereiche ordnen.;;umformuliert (Typen ohne Kette)
reelle-zahlen;2;Potenzgesetze;;Ich kann mit den Potenzgesetzen rechnen.;;umformuliert (Kette)
reelle-zahlen;2;*;;Ich kann Potenzen mit negativem Exponenten als Bruch schreiben.;;umformuliert (Typen ohne Kette)
reelle-zahlen;3;Wurzelgesetze und rationale Exponenten;;Ich kann mit Wurzelgesetzen und rationalen Exponenten rechnen.;;umformuliert (Kette)
rekonstruktion-von-bestaenden;1;Bestand aus Rate;;Ich kann einen Bestand aus seiner Änderungsrate berechnen.;;umformuliert (Kette)
rekonstruktion-von-bestaenden;1;*;;Ich kann bestimmen, wann der Bestand wieder so groß ist wie zu Beginn.;;umformuliert (Typen ohne Kette)
rekonstruktion-von-bestaenden;2;Rate und Bestand als Paar;;Ich kann am Vorzeichen der Rate sagen, ob der Bestand wächst.;;umformuliert (Kette, merkmal)
rekonstruktion-von-bestaenden;2;*;;Ich kann den Zeitraum bestimmen, in dem ein Bestand abnimmt.;;umformuliert (Typen ohne Kette)
rekonstruktion-von-bestaenden;3;Am Ratengraphen;;Ich kann am Graphen der Rate Bestandsänderungen ablesen.;;umformuliert (Kette)
rekonstruktion-von-funktionsgleichungen;1;Ansatz und Punktbedingungen;;Ich kann eine Funktionsgleichung aus Punkten bestimmen.;;umformuliert (Kette)
rekonstruktion-von-funktionsgleichungen;2;Bedingungen mit Ableitung;;Ich kann eine Funktionsgleichung aus Bedingungen mit Ableitung bestimmen.;;umformuliert (Kette)
rekonstruktion-von-funktionsgleichungen;2;*;;Ich kann Parameter einer Exponentialfunktion bestimmen.;;umformuliert (Typen ohne Kette)
rekonstruktion-von-funktionsgleichungen;3;Sonderansätze und Modellkritik;;Ich kann besondere Ansätze wählen und ein Modell beurteilen.;;umformuliert (Kette)
rekonstruktion-von-funktionsgleichungen;3;*;;Ich kann begründen, ob es eine Funktion zu vorgegebenen Bedingungen gibt.;;umformuliert (Typen ohne Kette)
rotationsvolumen;1;Die Volumenformel;;Ich kann das Volumen eines Rotationskörpers berechnen.;;umformuliert (Kette)
rotationsvolumen;2;Um den Körper herum;;Ich kann die Volumenformel an einem Rotationskörper begründen.;;umformuliert (Kette)
scharen-von-geraden-und-ebenen;1;Die Schar als Familie;;Ich kann gemeinsame Punkte einer Geraden- oder Ebenenschar bestimmen.;;umformuliert (Kette, merkmal)
scharen-von-geraden-und-ebenen;2;Parameter aus Lagebedingungen;;Ich kann einen Scharparameter aus einer Lagebedingung bestimmen.;;umformuliert (Kette)
scharen-von-geraden-und-ebenen;3;Parameter aus Maßbedingungen;;Ich kann einen Scharparameter aus einem Winkel oder Abstand bestimmen.;;umformuliert (Kette)
scharen-von-geraden-und-ebenen;4;Scharen am Körper;;Ich kann Scharen am Körper deuten.;;umformuliert (Kette)
schnittmengen;1;Schnittpunkt von Gerade und Ebene;;Ich kann den Schnittpunkt von Gerade und Ebene berechnen.;;umformuliert (Kette)
schnittmengen;1;*;;Ich kann mit Schattenpunkten Höhen berechnen.;;umformuliert (Typen ohne Kette)
schnittmengen;2;Schnittpunkt zweier Geraden;;Ich kann den Schnittpunkt zweier Geraden berechnen.;;umformuliert (Kette)
schnittmengen;2;*;;Ich kann den Schattenpunkt auf einer Kante berechnen.;;umformuliert (Typen ohne Kette)
schnittmengen;3;Spuren, Schnittgeraden und Schnittfiguren;;Ich kann Spurpunkte und Schnittgeraden bestimmen.;;umformuliert (Kette)
skalarprodukt-und-winkel;1;Das Skalarprodukt als Objekt;;Ich kann das Skalarprodukt berechnen und deuten.;;umformuliert (Kette)
skalarprodukt-und-winkel;2;Winkel zwischen Vektoren, Kanten und Geraden;;Ich kann Winkel zwischen Vektoren und Geraden berechnen.;;umformuliert (Kette)
skalarprodukt-und-winkel;3;Neigungswinkel von Ebenen;;Ich kann den Neigungswinkel zweier Ebenen berechnen.;;umformuliert (Kette)
skalarprodukt-und-winkel;4;Winkel gegen Ebenen und Bogenmaße;;Ich kann den Winkel zwischen Gerade und Ebene berechnen.;;umformuliert (Kette)
spiegelung;1;Punkte spiegeln;;Ich kann Punkte im Raum spiegeln.;;umformuliert (Kette)
spiegelung;2;Spiegelebene und Spiegelgerade;;Ich kann Spiegelebene und Spiegelgerade bestimmen.;;umformuliert (Kette)
spiegelung;3;Symmetrieebenen von Körpern;;Ich kann Symmetrieebenen von Körpern bestimmen.;;umformuliert (Kette)
stammfunktion-und-hauptsatz;1;Stammfunktion;;Ich kann eine Stammfunktion bilden.;;umformuliert (Kette)
stammfunktion-und-hauptsatz;2;Hauptsatz;;Ich kann ein Integral mit dem Hauptsatz berechnen.;;umformuliert (Kette)
stammfunktion-und-hauptsatz;2;*;;Ich kann eine Kurvenlänge über eine vorgegebene Formel berechnen.;;umformuliert (Typen ohne Kette)
stammfunktion-und-hauptsatz;3;Der Graphenblick;;Ich kann den Graphen einer Stammfunktion skizzieren.;;umformuliert (Kette)
stammfunktion-und-hauptsatz;4;Integralfunktion;;Ich kann mit Integralfunktionen arbeiten.;;umformuliert (Kette)
stammfunktion-und-hauptsatz;4;*;;Ich kann Integralfunktionen mit verschiedenen Grenzen vergleichen.;;umformuliert (Typen ohne Kette)
strahlensaetze;1;Maßstab umrechnen;;Ich kann mit einem Maßstab umrechnen.;;umformuliert (Kette)
strahlensaetze;1;Maßstabsgerecht zeichnen;;Ich kann maßstabsgerecht zeichnen.;;umformuliert (Kette)
strahlensaetze;2;Zentrische Streckung und Ähnlichkeit;;Ich kann Figuren zentrisch strecken.;;umformuliert (Kette)
strahlensaetze;2;*;;Ich kann das Streckzentrum aus Original und Bild finden.;;umformuliert (Typen ohne Kette)
strahlensaetze;3;Strahlensätze;;Ich kann Strecken mit den Strahlensätzen berechnen.;;umformuliert (Kette)
strahlensaetze;3;*;;Ich kann die Voraussetzung der Strahlensätze prüfen und Strecken teilen.;;umformuliert (Typen ohne Kette)
symmetrie-abbildungen;1;Punkte und Figuren im Koordinatensystem;;Ich kann Punkte und Figuren ins Koordinatensystem eintragen.;;umformuliert (Kette)
symmetrie-abbildungen;1;*;;Ich kann Koordinaten lesen und schreiben und Strecken abzählen.;;umformuliert (Typen ohne Kette)
symmetrie-abbildungen;2;Symmetrieachsen bestimmen;;Ich kann Symmetrieachsen einzeichnen.;;umformuliert (Kette)
symmetrie-abbildungen;2;Spiegeln und Spiegelbild benennen;;Ich kann Punkte und Figuren an einer Achse spiegeln.;;umformuliert (Kette)
symmetrie-abbildungen;2;*;;Ich kann Symmetrie bei Vierecken prüfen.;;umformuliert (Typen ohne Kette)
symmetrie-abbildungen;3;Drehen, Verschieben, Punktsymmetrie;;Ich kann Figuren drehen und verschieben.;;umformuliert (Kette)
symmetrie-abbildungen;3;*;;Ich kann Drehsymmetrie und Kongruenz erkennen.;;umformuliert (Typen ohne Kette)
tangente-normale-schnittwinkel;1;Tangentengleichung;;Ich kann die Gleichung einer Tangente aufstellen.;;umformuliert (Kette)
tangente-normale-schnittwinkel;1;*;;Ich kann besondere Tangenten bestimmen.;;umformuliert (Typen ohne Kette)
tangente-normale-schnittwinkel;2;Berührung nachweisen;;Ich kann nachweisen, dass eine Gerade einen Graphen berührt.;;umformuliert (Kette)
tangente-normale-schnittwinkel;2;*;;Ich kann Berührpunkte und Steigungen im Sachzusammenhang bestimmen.;;umformuliert (Typen ohne Kette)
tangente-normale-schnittwinkel;3;Normale;;Ich kann die Gleichung einer Normalen aufstellen.;;umformuliert (Kette)
tangente-normale-schnittwinkel;4;Winkel;;Ich kann Steigungswinkel und Schnittwinkel berechnen.;;umformuliert (Kette)
tangente-normale-schnittwinkel;4;*;;Ich kann Steigungswinkel im Sachzusammenhang deuten.;;umformuliert (Typen ohne Kette)
tangente-normale-schnittwinkel;5;Dreiecke und Figuren;;Ich kann Dreiecke aus Tangenten und Achsen berechnen.;;umformuliert (Kette)
terme;1;Term aufstellen;;Ich kann einen Term aufstellen.;;umformuliert (Kette)
terme;1;*;;Ich kann Termwerte berechnen und Terme deuten.;;umformuliert (Typen ohne Kette)
terme;2;Zusammenfassen;;Ich kann Terme zusammenfassen.;;umformuliert (Kette)
terme;2;Malnehmen;;Ich kann Terme malnehmen.;;umformuliert (Kette)
terme;3;Klammern;;Ich kann Klammern auflösen.;;umformuliert (Kette)
terme;4;Ausklammern;;Ich kann ausklammern.;;umformuliert (Kette)
trigonometrie;1;Seite berechnen;;Ich kann Seiten mit sin, cos und tan berechnen.;;umformuliert (Kette)
trigonometrie;1;*;;Ich kann Seiten vom Winkel aus benennen und Ergebnisse prüfen.;;umformuliert (Typen ohne Kette)
trigonometrie;2;Winkel berechnen;;Ich kann Winkel mit sin, cos und tan berechnen.;;umformuliert (Kette)
trigonometrie;2;*;;Ich kann Winkel prüfen und die Umkehrtaste benutzen.;;umformuliert (Typen ohne Kette)
trigonometrie;3;Teildreiecke und Vermessung;;Ich kann in Teildreiecken und bei Vermessungen rechnen.;;umformuliert (Kette)
trigonometrie;3;*;;Ich kann Strecken aus Teilstrecken berechnen.;;umformuliert (Typen ohne Kette)
trigonometrische-funktionen;1;Einheitskreis und Bogenmaß;;Ich kann mit Einheitskreis und Bogenmaß umgehen.;;umformuliert (Kette)
trigonometrische-funktionen;2;Sinus- und Kosinusfunktion;;Ich kann Sinus- und Kosinusfunktion zeichnen.;;umformuliert (Kette)
trigonometrische-funktionen;3;Parameter und Transformationen;;Ich kann Amplitude und Periode an Sinusfunktionen ablesen und ändern.;;umformuliert (Kette)
trigonometrische-funktionen;3;*;;Ich kann Sinusgraphen mit verschiedenen Parametern vergleichen.;;umformuliert (Typen ohne Kette)
trigonometrische-funktionen;4;Periodische Vorgänge modellieren;;Ich kann periodische Vorgänge mit Sinusfunktionen beschreiben.;;umformuliert (Kette)
umkehrfunktion;1;Umkehrbarkeit, Bereiche und Term;;Ich kann den Term einer Umkehrfunktion bestimmen.;;umformuliert (Kette)
umkehrfunktion;1;*;;Ich kann eine Umkehrfunktion im Sachzusammenhang aufstellen.;;umformuliert (Typen ohne Kette)
umkehrfunktion;2;Spiegelung an der Winkelhalbierenden;;Ich kann den Graphen der Umkehrfunktion spiegeln.;;umformuliert (Kette)
unabhaengigkeit;1;Unabhängigkeit prüfen;;Ich kann prüfen, ob zwei Ereignisse unabhängig sind.;;umformuliert (Kette)
unabhaengigkeit;2;Rückwärts;;Ich kann Werte so bestimmen, dass Ereignisse unabhängig sind.;;umformuliert (Kette)
unabhaengigkeit;3;Als Argument;;Ich kann mit Unabhängigkeit argumentieren.;;umformuliert (Kette)
uneigentliche-integrale;1;Der Begriff;;Ich kann ein uneigentliches Integral berechnen.;;umformuliert (Kette)
uneigentliche-integrale;2;Die Näherungsdeutung;;Ich kann ein uneigentliches Integral als Fläche deuten.;;umformuliert (Kette)
vektoren-und-rechenoperationen;1;Vektorbegriff und Betrag;;Ich kann Vektoren bilden und ihren Betrag berechnen.;;umformuliert (Kette)
vektoren-und-rechenoperationen;2;Vektorterme am Körper;;Ich kann Vektorterme am Körper aufstellen.;;umformuliert (Kette)
vektoren-und-rechenoperationen;3;Skalarprodukt im Sachzusammenhang;;Ich kann das Skalarprodukt im Sachzusammenhang anwenden.;;umformuliert (Kette)
vierfeldertafel;1;Die Tafel füllen;;Ich kann eine Vierfeldertafel ausfüllen.;;umformuliert (Kette)
vierfeldertafel;2;Aus der Tafel rechnen;;Ich kann aus einer Vierfeldertafel Wahrscheinlichkeiten berechnen.;;umformuliert (Kette)
wahrscheinlichkeit;1;Zählen;;Ich kann Möglichkeiten zählen.;;umformuliert (Kette)
wahrscheinlichkeit;1;*;;Ich kann Ergebnisse zu „mindestens einmal“ aufzählen.;;umformuliert (Typen ohne Kette)
wahrscheinlichkeit;2;Einstufig;;Ich kann Wahrscheinlichkeiten einstufiger Zufallsversuche angeben.;;umformuliert (Kette)
wahrscheinlichkeit;2;*;;Ich kann Wahrscheinlichkeiten vergleichen und erwartete Anzahlen angeben.;;umformuliert (Typen ohne Kette)
wahrscheinlichkeit;3;Mit Zurücklegen;;Ich kann Wahrscheinlichkeiten beim Ziehen mit Zurücklegen berechnen.;;umformuliert (Kette)
wahrscheinlichkeit;4;Ohne Zurücklegen;;Ich kann Wahrscheinlichkeiten beim Ziehen ohne Zurücklegen berechnen.;;umformuliert (Kette)
winkel-dreiecke;1;Winkel messen;;Ich kann Winkel messen.;;umformuliert (Kette)
winkel-dreiecke;1;*;;Ich kann Winkel schätzen.;;umformuliert (Typen ohne Kette)
winkel-dreiecke;2;Winkel an Geraden;;Ich kann Winkel an Geradenkreuzungen bestimmen.;;umformuliert (Kette)
winkel-dreiecke;2;*;;Ich kann Parallelität an Stufenwinkeln prüfen.;;umformuliert (Typen ohne Kette)
winkel-dreiecke;3;Winkelsumme;;Ich kann Winkel mit der Winkelsumme berechnen.;;umformuliert (Kette)
winkel-dreiecke;3;*;;Ich kann die Winkelsumme in Vielecken berechnen.;;umformuliert (Typen ohne Kette)
winkel-dreiecke;4;Konstruieren;;Ich kann Dreiecke konstruieren.;;umformuliert (Kette)
winkel-dreiecke;4;*;;Ich kann Dreiecke skizzieren und beschriften.;;umformuliert (Typen ohne Kette)
winkel-dreiecke;5;Besondere Linien;;Ich kann besondere Linien im Dreieck konstruieren.;;umformuliert (Kette)
zinsrechnung;1;Zinsen berechnen;;Ich kann Jahreszinsen berechnen.;;umformuliert (Kette)
zinsrechnung;1;Monats- und Tageszinsen;;Ich kann Monats- und Tageszinsen berechnen.;;umformuliert (Kette)
zinsrechnung;1;*;;Ich kann Zinsen überschlagen.;;umformuliert (Typen ohne Kette)
zinsrechnung;2;Zinseszins;;Ich kann mit Zinseszins rechnen.;;umformuliert (Kette)
zinsrechnung;2;*;;Ich kann Sparpläne und Kredite mit Zinseszins berechnen.;;umformuliert (Typen ohne Kette)
zufallsexperimente-und-pfadregeln;1;Ereignisse als Mengen;;Ich kann Ergebnisse und Ereignisse als Mengen angeben.;;umformuliert (Kette)
zufallsexperimente-und-pfadregeln;2;Laplace-Experimente;;Ich kann Laplace-Wahrscheinlichkeiten berechnen.;;umformuliert (Kette)
zufallsexperimente-und-pfadregeln;2;*;;Ich kann Aussagen über Wahrscheinlichkeiten aus Anzahlen prüfen.;;umformuliert (Typen ohne Kette)
zufallsexperimente-und-pfadregeln;3;Pfadregeln bei unabhängigen Stufen;;Ich kann mit den Pfadregeln rechnen.;;umformuliert (Kette)
zufallsexperimente-und-pfadregeln;3;*;;Ich kann zweistufige Experimente vergleichen.;;umformuliert (Typen ohne Kette)
zufallsexperimente-und-pfadregeln;4;Ohne Zurücklegen und Umlegen;;Ich kann Baumdiagramme ohne Zurücklegen berechnen.;;umformuliert (Kette)
zufallsexperimente-und-pfadregeln;5;Mammutbäume;;Ich kann große Baumdiagramme geschickt verkürzen.;;umformuliert (Kette)
zufallsexperimente-und-pfadregeln;6;Situationsbäume;;Ich kann zu einer Situation ein Baumdiagramm aufstellen.;;umformuliert (Kette)
zufallsexperimente-und-pfadregeln;7;Term und Ereignis;;Ich kann zu einem Term das passende Ereignis angeben.;;umformuliert (Kette)
zufallsexperimente-und-pfadregeln;8;Rückwärts;;Ich kann fehlende Wahrscheinlichkeiten im Baum rückwärts bestimmen.;;umformuliert (Kette)
zufallsgroessen-und-verteilungen;1;Verteilung aufstellen;;Ich kann die Verteilung einer Zufallsgröße aufstellen.;;umformuliert (Kette)
zufallsgroessen-und-verteilungen;2;Verteilung lesen;;Ich kann eine Verteilung lesen.;;umformuliert (Kette)
zuordnungen;1;Darstellen;;Ich kann Zuordnungen im Koordinatensystem darstellen.;;umformuliert (Kette)
zuordnungen;1;Achseneinteilung;;Ich kann eine passende Achseneinteilung wählen.;;umformuliert (Kette)
zuordnungen;1;*;;Ich kann aus einer Tabelle eine Formel ablesen.;;umformuliert (Typen ohne Kette)
zuordnungen;2;Dreisatz proportional;;Ich kann mit dem Dreisatz bei proportionalen Zuordnungen rechnen.;;umformuliert (Kette)
zuordnungen;2;*;;Ich kann den festen Faktor angeben und Ursprungsgeraden zeichnen.;;umformuliert (Typen ohne Kette)
zuordnungen;3;Antiproportional;;Ich kann mit antiproportionalen Zuordnungen rechnen.;;umformuliert (Kette)
zuordnungen;3;*;;Ich kann Graphen antiproportionaler Zuordnungen lesen.;;umformuliert (Typen ohne Kette)
zuordnungen;4;Erkennen;;Ich kann erkennen, ob eine Zuordnung proportional ist.;;umformuliert (Kette)
zuordnungen;4;Rate;;Ich kann mit einem Preis je Einheit rechnen.;;umformuliert (Kette)
zuordnungen;4;*;;Ich kann Gegenbeispiele für proportionale Zuordnungen angeben.;;umformuliert (Typen ohne Kette)
