kennung;bereich;thema;eintrag;einheit;kette;einheit_bank;ich_kann;klasse_os;klasse_gym;pruefung;gruppe;gebaut;pdf
AEN-K1;Sek II;Analysis;ableitung-und-aenderungsrate;1 Mittlere Änderungsrate und Sekante;Mittlere Änderungsrate;1;Ich kann die mittlere Änderungsrate berechnen.;;Q1;Abi GK ×5 · Abi LK ×3;Abitur GK: Analysis I;nein;
AEN-K2;Sek II;Analysis;ableitung-und-aenderungsrate;2 Ableitung an einer Stelle;Ableitung an einer Stelle;2;Ich kann die Ableitung an einer Stelle berechnen und als Steigung deuten.;;Q1;Abi GK ×4 · Abi LK ×1;Abitur GK: Analysis I;nein;
AEN-K3;Sek II;Analysis;ableitung-und-aenderungsrate;2 Ableitung an einer Stelle;*;2;Ich kann die momentane Änderungsrate am Graphen bestimmen und Füllgraphen deuten.;;Q1;Abi LK ×1;Abitur GK: Analysis I;nein;
AEN-K4;Sek II;Analysis;ableitung-und-aenderungsrate;3 Von der Sekante zur Tangente;Von der Sekante zur Tangente;3;Ich kann den Übergang von der Sekante zur Tangente berechnen.;;Q1;Abi GK ×3 · Abi LK ×3;Abitur GK: Analysis I;nein;
AEN-K5;Sek II;Analysis;ableitung-und-aenderungsrate;3 Von der Sekante zur Tangente;*;3;Ich kann Differenzen- und Differentialquotient an Sekante und Tangente erklären.;;Q1;Abi LK ×1;Abitur GK: Analysis I;nein;
AEN-K6;Sek II;Analysis;ableitung-und-aenderungsrate;4 Die Rate als Funktion;Die Rate als Funktion;4;Ich kann mit einer Änderungsrate als Funktion arbeiten.;;Q1;Abi GK ×5 · Abi LK ×6;Abitur GK: Analysis I;nein;
ABL-K1;Sek II;Analysis;ableitungsregeln;1 Potenz-, Faktor- und Summenregel;Potenz-, Faktor- und Summenregel;1;Ich kann mit Potenz-, Faktor- und Summenregel ableiten.;;Q1;Abi GK ×2 · Abi LK ×3 · FHR ×4;Abitur GK: Analysis I;nein;
ABL-K2;Sek II;Analysis;ableitungsregeln;1 Potenz-, Faktor- und Summenregel;*;1;Ich kann das Verhalten im Unendlichen bestimmen.;;Q1;FHR ×3;Abitur GK: Analysis I;nein;
ABL-K3;Sek II;Analysis;ableitungsregeln;2 Kettenregel;Kettenregel;2;Ich kann mit der Kettenregel ableiten.;;Q1;Abi LK ×2;Abitur GK: Analysis I;nein;
ABL-K4;Sek II;Analysis;ableitungsregeln;2 Kettenregel;*;2;Ich kann höhere Ableitungen einer Sinusfunktion angeben.;;Q1;Abi LK ×1;Abitur GK: Analysis I;nein;
ABL-K5;Sek II;Analysis;ableitungsregeln;3 Produktregel;Produktregel;3;Ich kann mit der Produktregel ableiten.;;Q1;Abi GK ×4 · Abi LK ×5;Abitur GK: Analysis I;nein;
ABS-K1;Sek II;Analytische Geometrie;abstaende;1 Abstand zweier Punkte;Abstand zweier Punkte;1;Ich kann den Abstand zweier Punkte berechnen.;;Q3;Abi GK ×6 · Abi LK ×3;Abitur GK: Geometrie;nein;
ABS-K2;Sek II;Analytische Geometrie;abstaende;2 Abstand Punkt–Ebene;Abstand Punkt–Ebene;2;Ich kann den Abstand eines Punktes von einer Ebene berechnen.;;Q3;Abi GK ×1 · Abi LK ×4;Abitur GK: Geometrie;nein;
ABS-K3;Sek II;Analytische Geometrie;abstaende;3 Lotfußpunkt;Lotfußpunkt;3;Ich kann den Lotfußpunkt und den Abstand Punkt–Gerade bestimmen.;;Q3;Abi GK ×4 · Abi LK ×3;Abitur GK: Geometrie;nein;
ABS-K4;Sek II;Analytische Geometrie;abstaende;4 Abstand als Argument;Abstand als Argument;4;Ich kann mit Abständen argumentieren.;;Q3;Abi GK ×5 · Abi LK ×4;Abitur GK: Geometrie;nein;
BED-K1;Sek II;Stochastik;bedingte-wahrscheinlichkeit-und-bayes;1 Der Quotient;Der Quotient;1;Ich kann eine bedingte Wahrscheinlichkeit als Quotient berechnen.;;Q2;Abi GK ×7 · Abi LK ×2;Abitur GK: Stochastik;nein;
BED-K2;Sek II;Stochastik;bedingte-wahrscheinlichkeit-und-bayes;2 Bayes;Bayes;2;Ich kann mit dem Satz von Bayes rechnen.;;Q2;Abi GK ×5 · Abi LK ×1;Abitur GK: Stochastik;nein;
BED-K3;Sek II;Stochastik;bedingte-wahrscheinlichkeit-und-bayes;3 Mit Parameter;Mit Parameter;3;Ich kann bedingte Wahrscheinlichkeiten mit einem Parameter aufstellen.;;Q2;Abi GK ×2 · Abi LK ×3;Abitur GK: Stochastik;nein;
BIN-K1;Sek II;Stochastik;binomialverteilung;1 Bernoulli-Experiment und Bernoulli-Kette;Modell erkennen;1;Ich kann erkennen, ob ein Zufallsversuch binomialverteilt ist.;;Q4;Abi GK ×4 · Abi LK ×2;Abitur GK: Stochastik;nein;
BIN-K2;Sek II;Stochastik;binomialverteilung;2 Bernoulli-Formel;Bernoulli-Formel;2;Ich kann Wahrscheinlichkeiten mit der Bernoulli-Formel berechnen.;;Q4;Abi GK ×7 · Abi LK ×4;Abitur GK: Stochastik;nein;
BIN-K3;Sek II;Stochastik;binomialverteilung;3 Kumulierte Wahrscheinlichkeiten;Kumulierte Wahrscheinlichkeiten;3;Ich kann kumulierte Wahrscheinlichkeiten bestimmen.;;Q4;Abi GK ×7 · Abi LK ×6;Abitur GK: Stochastik;nein;
BIN-K4;Sek II;Stochastik;binomialverteilung;3 Kumulierte Wahrscheinlichkeiten;*;3;Ich kann binomiale Wahrscheinlichkeiten in besonderen Fällen berechnen.;;Q4;Abi GK ×1;Abitur GK: Stochastik;nein;
BIN-K5;Sek II;Stochastik;binomialverteilung;4 Umkehraufgaben;Umkehraufgaben;4;Ich kann Umkehraufgaben zur Binomialverteilung lösen.;;Q4;Abi GK ×4 · Abi LK ×3;Abitur GK: Stochastik;nein;
BIN-K6;Sek II;Stochastik;binomialverteilung;4 Umkehraufgaben;*;4;Ich kann Trefferzahlen über einer Schranke mit dem Rechner ermitteln.;;Q4;Abi GK ×1;Abitur GK: Stochastik;nein;
BIN-K7;Sek II;Stochastik;binomialverteilung;5 Verteilung im Diagramm;Verteilung im Diagramm;5;Ich kann eine Binomialverteilung im Diagramm lesen.;;Q4;Abi GK ×7 · Abi LK ×1;Abitur GK: Stochastik;nein;
BIN-K8;Sek II;Stochastik;binomialverteilung;5 Verteilung im Diagramm;*;5;Ich kann Grenzen kumulierter Wahrscheinlichkeiten im Diagramm bestimmen.;;Q4;;Abitur GK: Stochastik;nein;
BIF-K1;Sek I;Gleichungen und Funktionen;binomische-formeln;1 Summe mal Summe;Summe mal Summe;1;Ich kann Summen miteinander malnehmen.;8–9;7–8;;MSA: Zahlen;nein;
BIF-K2;Sek I;Gleichungen und Funktionen;binomische-formeln;1 Summe mal Summe;*;1;Ich kann Termwerte mit zwei Variablen berechnen.;8–9;7–8;;MSA: Zahlen;nein;
BIF-K3;Sek I;Gleichungen und Funktionen;binomische-formeln;2 Binomische Formeln;Binomische Formeln;2;Ich kann mit den binomischen Formeln ausmultiplizieren.;8;8;P10 ×4;MSA: Zahlen;nein;
BIF-K4;Sek I;Gleichungen und Funktionen;binomische-formeln;2 Binomische Formeln;*;2;Ich kann mit den binomischen Formeln im Kopf rechnen.;8;8;;MSA: Zahlen;nein;
BIF-K5;Sek I;Gleichungen und Funktionen;binomische-formeln;3 Faktorisieren;Faktorisieren;3;Ich kann einen Term mit den binomischen Formeln faktorisieren.;8–10;8;;MSA: Zahlen;nein;
BRU-K1;Sek I;Zahlen und Operationen;bruchrechnung;1 Brüche addieren und subtrahieren;Addieren/Subtrahieren;1;Ich kann Brüche addieren und subtrahieren.;5–6;6;P10 ×10;MSA: Zahlen;nein;
BRU-K2;Sek I;Zahlen und Operationen;bruchrechnung;1 Brüche addieren und subtrahieren;*;1;Ich kann eine ganze Zahl und einen Bruch addieren.;5–6;6;;MSA: Zahlen;nein;
BRU-K3;Sek I;Zahlen und Operationen;bruchrechnung;2 Dezimalzahlen addieren und subtrahieren;Dezimal addieren/subtrahieren;2;Ich kann Dezimalzahlen addieren und subtrahieren.;5–6;6;P10 ×2;MSA: Zahlen;nein;
BRU-K4;Sek I;Zahlen und Operationen;bruchrechnung;2 Dezimalzahlen addieren und subtrahieren;*;2;Ich kann mit Dezimalzahlen überschlagen und ganze Zahlen dazurechnen.;5–6;6;;MSA: Zahlen;nein;
BRU-K5;Sek I;Zahlen und Operationen;bruchrechnung;3 Brüche multiplizieren und dividieren;Multiplizieren;3;Ich kann Brüche multiplizieren.;6;5–6;P10 ×8;MSA: Zahlen;nein;
BRU-K6;Sek I;Zahlen und Operationen;bruchrechnung;3 Brüche multiplizieren und dividieren;Dividieren;3;Ich kann Brüche dividieren.;6;5–6;;MSA: Zahlen;nein;
BRU-K7;Sek I;Zahlen und Operationen;bruchrechnung;4 Dezimalzahlen multiplizieren und dividieren;Dezimal multiplizieren/dividieren;4;Ich kann Dezimalzahlen multiplizieren und dividieren.;5–6;6;P10 ×8;MSA: Zahlen;nein;
BRU-K8;Sek I;Zahlen und Operationen;bruchrechnung;5 Rechengesetze und Punkt vor Strich;Punkt vor Strich;5;Ich kann Punkt vor Strich mit Brüchen und Dezimalzahlen rechnen.;6;6;P10 ×8;MSA: Zahlen;nein;
BRU-K9;Sek I;Zahlen und Operationen;bruchrechnung;5 Rechengesetze und Punkt vor Strich;*;5;Ich kann ausklammern, überschlagen und mein Ergebnis prüfen.;6;6;;MSA: Zahlen;nein;
DEZ-K1;Sek I;Zahlen und Operationen;brueche-dezimalzahlen;1 Bruch als Anteil;Anteil bestimmen;1;Ich kann einen Anteil als Bruch angeben.;5;5;P10 ×9;MSA: Zahlen;nein;
DEZ-K2;Sek I;Zahlen und Operationen;brueche-dezimalzahlen;1 Bruch als Anteil;Bruchteil einer Größe;1;Ich kann einen Bruchteil einer Größe berechnen.;5;5;P10 ×2;MSA: Zahlen;nein;
DEZ-K3;Sek I;Zahlen und Operationen;brueche-dezimalzahlen;1 Bruch als Anteil;*;1;Ich kann das Ganze aus einem Bruchteil berechnen.;5;5;;MSA: Zahlen;nein;
DEZ-K4;Sek I;Zahlen und Operationen;brueche-dezimalzahlen;2 Kürzen und Erweitern;Kürzen und Erweitern;2;Ich kann Brüche kürzen und erweitern.;5–6;5;P10 ×9;MSA: Zahlen;nein;
DEZ-K5;Sek I;Zahlen und Operationen;brueche-dezimalzahlen;2 Kürzen und Erweitern;*;2;Ich kann gleichwertige Brüche finden und einen Bruch als Geteilt-Aufgabe lesen.;5–6;5;;MSA: Zahlen;nein;
DEZ-K6;Sek I;Zahlen und Operationen;brueche-dezimalzahlen;3 Brüche vergleichen;Vergleichen;3;Ich kann Brüche vergleichen.;5–6;5;P10 ×2;MSA: Zahlen;nein;
DEZ-K7;Sek I;Zahlen und Operationen;brueche-dezimalzahlen;3 Brüche vergleichen;*;3;Ich kann eine Zahl zwischen zwei Brüchen angeben.;5–6;5;;MSA: Zahlen;nein;
DEZ-K8;Sek I;Zahlen und Operationen;brueche-dezimalzahlen;4 Dezimalzahlen;Umwandeln;4;Ich kann Brüche und Dezimalzahlen ineinander umwandeln.;5;5–6;P10 ×7;MSA: Zahlen;nein;
DEZ-K9;Sek I;Zahlen und Operationen;brueche-dezimalzahlen;4 Dezimalzahlen;*;4;Ich kann Dezimalzahlen in der Stellenwerttafel lesen und in Schritten zählen.;5;5–6;;MSA: Zahlen;nein;
DEZ-K10;Sek I;Zahlen und Operationen;brueche-dezimalzahlen;5 Vergleichen, Ordnen, Runden;Vergleichen und Ordnen;5;Ich kann Dezimalzahlen vergleichen und ordnen.;5–6;5–6;P10 ×8;MSA: Zahlen;nein;
DEZ-K11;Sek I;Zahlen und Operationen;brueche-dezimalzahlen;5 Vergleichen, Ordnen, Runden;*;5;Ich kann gemischte Zahlen ordnen und Aussagen dazu prüfen.;5–6;5–6;;MSA: Zahlen;nein;
DAT-K1;Sek I;Daten und Zufall;daten;1 Häufigkeiten;Häufigkeiten;1;Ich kann Häufigkeiten auszählen.;5–6;5;P10 ×1;MSA: Daten;nein;
DAT-K2;Sek II;Daten und Zufall;daten;1 Häufigkeiten;Häufigkeiten, Sek II;1;Ich kann relative Häufigkeiten berechnen.;5–6;5;Abi GK ×1 · FHR ×6;MSA: Daten;nein;
DAT-K3;Sek I;Daten und Zufall;daten;1 Häufigkeiten;*;1;Ich kann Daten in Klassen einteilen und darstellen.;5–6;5;;MSA: Daten;nein;
DAT-K4;Sek I;Daten und Zufall;daten;2 Säulen-, Balken- und Liniendiagramme;Diagramme lesen;2;Ich kann Werte aus Diagrammen ablesen.;5–6;5;P10 ×6;MSA: Daten;nein;
DAT-K5;Sek I;Daten und Zufall;daten;2 Säulen-, Balken- und Liniendiagramme;*;2;Ich kann ein Diagramm aus einer Tabelle zeichnen.;5–6;5;;MSA: Daten;nein;
DAT-K6;Sek I;Daten und Zufall;daten;3 Streifen- und Kreisdiagramm;Anteile darstellen;3;Ich kann Anteile in Streifen und Kreis darstellen.;6–7;6;P10 ×11;MSA: Daten;nein;
DAT-K7;Sek I;Daten und Zufall;daten;3 Streifen- und Kreisdiagramm;*;3;Ich kann einen Anteil aus einem Kreissektor schätzen.;6–7;6;;MSA: Daten;nein;
DAT-K8;Sek I;Daten und Zufall;daten;4 Kenngrößen;Kenngrößen;4;Ich kann Minimum, Maximum, Spannweite, Mittelwert und Median bestimmen.;6;6–7;P10 ×12;MSA: Daten;nein;
DAT-K9;Sek II;Daten und Zufall;daten;4 Kenngrößen;Kenngrößen aus Listen, Sek II;4;Ich kann Mittelwert und Standardabweichung einer Liste berechnen.;6;6–7;Abi GK ×1 · FHR ×3;MSA: Daten;nein;
DAT-K10;Sek I;Daten und Zufall;daten;4 Kenngrößen;*;4;Ich kann Mittelwert und Median vergleichen.;6;6–7;;MSA: Daten;nein;
DAT-K11;Sek I;Daten und Zufall;daten;5 Diagramme beurteilen und Boxplot;Beurteilen;5;Ich kann Aussagen zu Daten beurteilen.;6–9;7;P10 ×5;MSA: Daten;nein;
DAT-K12;Sek I;Daten und Zufall;daten;5 Diagramme beurteilen und Boxplot;Boxplot;5;Ich kann einen Boxplot lesen und zeichnen.;6–9;7;;MSA: Daten;nein;
DAT-K13;Sek I;Daten und Zufall;daten;5 Diagramme beurteilen und Boxplot;*;5;Ich kann gedehnte Achsen erkennen.;6–9;7;;MSA: Daten;nein;
DAT-K14;Sek I;Daten und Zufall;daten;6 Kenngrößen aus Häufigkeitstabellen und Klassen;Kenngrößen aus Tabellen und Klassen;6;Ich kann den Mittelwert aus einer Häufigkeitstabelle berechnen.;;Q2;Abi LK ×1 · FHR ×8;MSA: Daten;nein;
DAT-K15;Sek I;Daten und Zufall;daten;7 Vierfeldertafel;Vierfeldertafel füllen;7;Ich kann eine Vierfeldertafel ausfüllen.;9;9–10;;MSA: Daten;nein;
DAT-K16;Sek I;Daten und Zufall;daten;7 Vierfeldertafel;Anteile unterscheiden;7;Ich kann Anteile in einer Vierfeldertafel unterscheiden.;9;9–10;;MSA: Daten;nein;
EBE-K1;Sek II;Analytische Geometrie;ebenen;1 Parameterform einer Ebene;Parameterform;1;Ich kann eine Ebene in Parameterform aufstellen.;;Q3;Abi GK ×2 · Abi LK ×1;Abitur GK: Geometrie;nein;
EBE-K2;Sek II;Analytische Geometrie;ebenen;2 Normalenvektor und Koordinatengleichung;Koordinatengleichung bestimmen;2;Ich kann die Koordinatengleichung einer Ebene bestimmen.;;Q3;Abi GK ×8 · Abi LK ×6;Abitur GK: Geometrie;nein;
EBE-K3;Sek II;Analytische Geometrie;ebenen;2 Normalenvektor und Koordinatengleichung;Normalenvektor und Nachweise;2;Ich kann den Normalenvektor ablesen und damit Nachweise führen.;;Q3;Abi GK ×2 · Abi LK ×2;Abitur GK: Geometrie;nein;
EBE-K4;Sek II;Analytische Geometrie;ebenen;3 Ebenen im Koordinatensystem;Besondere Lagen;3;Ich kann besondere Lagen von Ebenen erkennen.;;Q3;Abi GK ×1 · Abi LK ×5;Abitur GK: Geometrie;nein;
EBE-K5;Sek II;Analytische Geometrie;ebenen;4 Parallele Ebenen;Parallele Ebenen;4;Ich kann parallele Ebenen aufstellen.;;Q3;Abi GK ×3;Abitur GK: Geometrie;nein;
EBE-K6;Sek II;Analytische Geometrie;ebenen;4 Parallele Ebenen;*;4;Ich kann parallele Ebenen an den Normalenvektoren erkennen.;;Q3;Abi GK ×1;Abitur GK: Geometrie;nein;
EIN-K1;Sek I;Größen und Messen;einheiten;1 Länge, Masse, Geld;Länge, Masse und Geld umrechnen;1;Ich kann Länge, Masse und Geld umrechnen.;5;5;P10 ×4;MSA: Zahlen;nein;
EIN-K2;Sek II;Größen und Messen;einheiten;1 Länge, Masse, Geld;Maßstab im Koordinatensystem, Sek II;1;Ich kann Längen im Koordinatensystem mit dem Maßstab umrechnen.;5;5;FHR ×2;MSA: Zahlen;nein;
EIN-K3;Sek I;Größen und Messen;einheiten;1 Länge, Masse, Geld;*;1;Ich kann Größen ordnen und passend zuordnen.;5;5;;MSA: Zahlen;nein;
EIN-K4;Sek I;Größen und Messen;einheiten;2 Zeit;Zeit umrechnen und Zeitspannen berechnen;2;Ich kann Zeiten umrechnen und Zeitspannen berechnen.;5;5;P10 ×4;MSA: Zahlen;nein;
EIN-K5;Sek I;Größen und Messen;einheiten;2 Zeit;*;2;Ich kann mit Uhrzeiten und Fahrplänen rechnen.;5;5;;MSA: Zahlen;nein;
EIN-K6;Sek I;Größen und Messen;einheiten;3 Flächen- und Volumeneinheiten;Flächen- und Volumeneinheiten umrechnen;3;Ich kann Flächen- und Volumeneinheiten umrechnen.;5;5;P10 ×6;MSA: Zahlen;nein;
EIN-K7;Sek II;Größen und Messen;einheiten;3 Flächen- und Volumeneinheiten;Flächen- und Volumeneinheiten im Koordinatensystem, Sek II;3;Ich kann Flächen und Volumen im Koordinatensystem mit dem Maßstab umrechnen.;5;5;FHR ×6;MSA: Zahlen;nein;
EIN-K8;Sek I;Größen und Messen;einheiten;3 Flächen- und Volumeneinheiten;*;3;Ich kann Flächeneinheiten ordnen und zuordnen.;5;5;;MSA: Zahlen;nein;
EIN-K9;Sek I;Größen und Messen;einheiten;4 Mit Größen rechnen im Sachzusammenhang;Mit Größen rechnen im Sachzusammenhang;4;Ich kann in Sachaufgaben mit Größen rechnen.;8;;P10 ×6;MSA: Zahlen;nein;
EIN-K10;Sek II;Größen und Messen;einheiten;4 Mit Größen rechnen im Sachzusammenhang;Kosten und Einnahmen, Sek II;4;Ich kann Kosten und Einnahmen berechnen.;8;;FHR;MSA: Zahlen;nein;
EIN-K11;Sek I;Größen und Messen;einheiten;4 Mit Größen rechnen im Sachzusammenhang;*;4;Ich kann mit Euro und Cent und mit der Dichte rechnen.;8;;;MSA: Zahlen;nein;
EXT-K1;Sek II;Analysis;extremalprobleme;1 Figur und Term;Figur und Term;1;Ich kann Maße einer Figur als Term der Stelle angeben.;;Q1;Abi GK ×1 · Abi LK ×2 · FHR ×2;Abitur GK: Analysis I;nein;
EXT-K2;Sek II;Analysis;extremalprobleme;2 Zielfunktion aus Haupt- und Nebenbedingung;Zielfunktion aufstellen;2;Ich kann eine Zielfunktion aufstellen.;;Q1;Abi GK ×1 · Abi LK ×1 · FHR ×2;Abitur GK: Analysis I;nein;
EXT-K3;Sek II;Analysis;extremalprobleme;3 Maximum bestimmen und deuten;Maximum bestimmen;3;Ich kann das Maximum einer Zielfunktion bestimmen.;;Q1;Abi GK ×7 · Abi LK ×1 · FHR ×3;Abitur GK: Analysis I;nein;
EXT-K4;Sek II;Analysis;extremalprobleme;3 Maximum bestimmen und deuten;*;3;Ich kann den kleinsten Abstand eines Punktes zu einem Graphen bestimmen.;;Q1;Abi LK ×1;Abitur GK: Analysis I;nein;
FLA-K1;Sek I;Größen und Messen;flaechen;1 Rechteck, Quadrat, Umfang;Rechteck;1;Ich kann Flächeninhalt und Umfang eines Rechtecks berechnen.;5;5;P10 ×1;MSA: Geometrie;nein;
FLA-K2;Sek I;Größen und Messen;flaechen;1 Rechteck, Quadrat, Umfang;*;1;Ich kann zusammengesetzte Rechtecksflächen berechnen.;5;5;;MSA: Geometrie;nein;
FLA-K3;Sek I;Größen und Messen;flaechen;2 Parallelogramm;Parallelogramm;2;Ich kann den Flächeninhalt eines Parallelogramms berechnen.;7–8;7;;MSA: Geometrie;nein;
FLA-K4;Sek I;Größen und Messen;flaechen;2 Parallelogramm;*;2;Ich kann den Umfang eines Parallelogramms berechnen.;7–8;7;;MSA: Geometrie;nein;
FLA-K5;Sek I;Größen und Messen;flaechen;3 Dreieck;Dreieck;3;Ich kann den Flächeninhalt eines Dreiecks berechnen.;7–8;5–7;P10 ×1;MSA: Geometrie;nein;
FLA-K6;Sek I;Größen und Messen;flaechen;3 Dreieck;*;3;Ich kann die passende Höhe wählen und den Umfang eines Dreiecks berechnen.;7–8;5–7;;MSA: Geometrie;nein;
FLA-K7;Sek I;Größen und Messen;flaechen;4 Trapez, Drachenviereck, Raute;Trapez;4;Ich kann den Flächeninhalt eines Trapezes berechnen.;7–8;7;P10 ×1;MSA: Geometrie;nein;
FLA-K8;Sek I;Größen und Messen;flaechen;4 Trapez, Drachenviereck, Raute;*;4;Ich kann Umfang und Diagonalen am Trapez berechnen.;7–8;7;;MSA: Geometrie;nein;
FLA-K9;Sek I;Größen und Messen;flaechen;5 Zusammengesetzte Figuren;Zusammengesetzte Figuren;5;Ich kann den Flächeninhalt zusammengesetzter Figuren berechnen.;5–6;5–7;P10 ×2;MSA: Geometrie;nein;
FLA-K10;Sek I;Größen und Messen;flaechen;5 Zusammengesetzte Figuren;*;5;Ich kann Flächen in Sachaufgaben vergleichen.;5–6;5–7;;MSA: Geometrie;nein;
FIN-K1;Sek II;Analysis;flaecheninhalt-durch-integration;1 Fläche zwischen Graph und x-Achse;Fläche zwischen Graph und x-Achse;1;Ich kann die Fläche zwischen Graph und x-Achse berechnen.;;Q2;Abi LK ×2 · FHR ×1;Abitur GK: Analysis II;nein;
FIN-K2;Sek II;Analysis;flaecheninhalt-durch-integration;2 Fläche zwischen zwei Graphen;Fläche zwischen zwei Graphen;2;Ich kann die Fläche zwischen zwei Graphen berechnen.;;Q2;Abi LK ×1 · FHR ×6;Abitur GK: Analysis II;nein;
FIN-K3;Sek II;Analysis;flaecheninhalt-durch-integration;3 Zusammengesetzte Flächen, Maßstab und Volumen;Zusammensetzen, Maßstab, Volumen;3;Ich kann Flächen zusammensetzen und mit Maßstab und Volumen rechnen.;;Q2;Abi GK ×2 · FHR ×7;Abitur GK: Analysis II;nein;
FIN-K4;Sek II;Analysis;flaecheninhalt-durch-integration;4 Flächenbedingungen;Flächenbedingungen;4;Ich kann einen Parameter aus einer Flächenbedingung bestimmen.;;Q2;Abi GK ×1 · Abi LK ×1;Abitur GK: Analysis II;nein;
FIN-K5;Sek II;Analysis;flaecheninhalt-durch-integration;5 Das Integral als Flächenbilanz;Flächenbilanz;5;Ich kann eine Flächenbilanz am Graphen schätzen und deuten.;;Q2;Abi GK ×1 · Abi LK ×2;Abitur GK: Analysis II;nein;
VOL-K1;Sek II;Analytische Geometrie;flaecheninhalt-und-volumen-im-raum;1 Dreiecksflächen;Dreiecksflächen;1;Ich kann Dreiecksflächen im Raum berechnen.;;Q3;Abi GK ×5 · Abi LK ×3;Abitur GK: Geometrie;nein;
VOL-K2;Sek II;Analytische Geometrie;flaecheninhalt-und-volumen-im-raum;2 Vierecksflächen;Vierecksflächen;2;Ich kann Vierecksflächen im Raum berechnen.;;Q3;Abi GK ×5;Abitur GK: Geometrie;nein;
VOL-K3;Sek II;Analytische Geometrie;flaecheninhalt-und-volumen-im-raum;2 Vierecksflächen;*;2;Ich kann den Flächeninhalt eines Schattens berechnen.;;Q3;Abi GK ×1 · Abi LK ×1;Abitur GK: Geometrie;nein;
VOL-K4;Sek II;Analytische Geometrie;flaecheninhalt-und-volumen-im-raum;3 Volumen und Oberfläche von Pyramide und Prisma;Volumen und Oberfläche;3;Ich kann Volumen und Oberfläche von Körpern im Raum berechnen.;;Q3;Abi GK ×5 · Abi LK ×4;Abitur GK: Geometrie;nein;
VOL-K5;Sek II;Analytische Geometrie;flaecheninhalt-und-volumen-im-raum;4 Zusammengesetzte Körper, Verhältnisse und Parameter;Zusammengesetzt und Verhältnisse;4;Ich kann zusammengesetzte Körper und Volumenverhältnisse berechnen.;;Q3;Abi GK ×5 · Abi LK ×4;Abitur GK: Geometrie;nein;
FUN-K1;Sek II;Analysis;funktionsklassen-und-eigenschaften;1 Funktionswert und Punkt;Funktionswert und Punkt;1;Ich kann Funktionswerte berechnen und als Punkt angeben.;;Q1;Abi LK ×5 · FHR ×4;Abitur GK: Analysis I;nein;
FUN-K2;Sek II;Analysis;funktionsklassen-und-eigenschaften;2 Nullstellen;*;1;Ich kann Werte mit vorgegebener Lösungsanzahl bestimmen.;;Q1;;Abitur GK: Analysis I;nein;
FUN-K3;Sek II;Analysis;funktionsklassen-und-eigenschaften;2 Nullstellen;Nullstellen;2;Ich kann Nullstellen bestimmen.;;Q1;Abi GK ×1 · Abi LK ×1 · FHR ×5;Abitur GK: Analysis I;nein;
FUN-K4;Sek II;Analysis;funktionsklassen-und-eigenschaften;2 Nullstellen;*;2;Ich kann den y-Achsenabschnitt und die Zahl der Nullstellen angeben.;;Q1;;Abitur GK: Analysis I;nein;
FUN-K5;Sek II;Analysis;funktionsklassen-und-eigenschaften;3 Definitionsbereich, Wertemenge und Schranken;Definitionsbereich, Wertemenge und Schranken;3;Ich kann Definitionsbereich und Wertemenge angeben.;;Q1;Abi LK ×3;Abitur GK: Analysis I;nein;
FUN-K6;Sek II;Analysis;funktionsklassen-und-eigenschaften;4 Symmetrie;Symmetrie;4;Ich kann die Symmetrie eines Graphen nachweisen.;;Q1;Abi LK ×2 · FHR ×8;Abitur GK: Analysis I;nein;
FUN-K7;Sek II;Analysis;funktionsklassen-und-eigenschaften;5 Transformationen;Transformationen;5;Ich kann Verschiebungen und Streckungen am Term erkennen.;;Q1;Abi LK ×1;Abitur GK: Analysis I;nein;
FUN-K8;Sek II;Analysis;funktionsklassen-und-eigenschaften;6 Graph und Term;Graph und Term;6;Ich kann Graph und Term einander zuordnen.;;Q1;Abi GK ×2 · FHR ×8;Abitur GK: Analysis I;nein;
FUS-K1;Sek II;Analysis;funktionsscharen-und-ortskurven;1 Scharbegriff und Parameterwert;Scharbegriff und Parameterwert;1;Ich kann in eine Funktionsschar einen Parameterwert einsetzen.;;Q1;Abi GK ×2 · Abi LK ×5;Abitur GK: Analysis II;nein;
FUS-K2;Sek II;Analysis;funktionsscharen-und-ortskurven;2 Eigenschaften aller Graphen am Term;Eigenschaften aller Graphen;2;Ich kann Eigenschaften aller Graphen einer Schar bestimmen.;;Q1;Abi LK ×7;Abitur GK: Analysis II;nein;
FUS-K3;Sek II;Analysis;funktionsscharen-und-ortskurven;3 Extrem- und Wendepunkte mit Parameter;Extrem- und Wendepunkte mit Parameter;3;Ich kann Extrem- und Wendepunkte mit Parameter berechnen.;;Q1;Abi GK ×2 · Abi LK ×7;Abitur GK: Analysis II;nein;
FUS-K4;Sek II;Analysis;funktionsscharen-und-ortskurven;4 Parameter aus Bedingungen bestimmen;Parameter aus Bedingungen;4;Ich kann einen Parameter aus einer Bedingung bestimmen.;;Q1;Abi GK ×4 · Abi LK ×8;Abitur GK: Analysis II;nein;
FUS-K5;Sek II;Analysis;funktionsscharen-und-ortskurven;5 Ortskurve und Kurvenvergleich;Ortskurve und Kurvenvergleich;5;Ich kann eine Ortskurve bestimmen.;;Q1;Abi GK ×1 · Abi LK ×3;Abitur GK: Analysis II;nein;
GER-K1;Sek II;Analytische Geometrie;geraden;1 Geradengleichung aufstellen und lesen;Geradengleichung aufstellen und lesen;1;Ich kann eine Geradengleichung aufstellen und lesen.;;Q3;Abi GK ×4 · Abi LK ×1;Abitur GK: Geometrie;nein;
GER-K2;Sek II;Analytische Geometrie;geraden;2 Punktprobe und Punkte auf der Geraden;Punktprobe und Punkte auf der Geraden;2;Ich kann prüfen, ob ein Punkt auf einer Geraden liegt.;;Q3;Abi GK ×7 · Abi LK ×3;Abitur GK: Geometrie;nein;
GER-K3;Sek II;Analytische Geometrie;geraden;2 Punktprobe und Punkte auf der Geraden;*;2;Ich kann einen Punkt mit vorgegebenem Abstand auf einer Geraden finden.;;Q3;Abi GK ×1 · Abi LK ×1;Abitur GK: Geometrie;nein;
GER-K4;Sek II;Analytische Geometrie;geraden;3 Lage als Anhang;Lage als Anhang;3;Ich kann die Lage zweier Geraden mit gemeinsamem Punkt beschreiben.;;Q3;Abi GK ×4;Abitur GK: Geometrie;nein;
GER-K5;Sek II;Analytische Geometrie;geraden;4 Sachgeraden;Sachgeraden;4;Ich kann Geraden in Sachaufgaben aufstellen und deuten.;;Q3;Abi GK ×4;Abitur GK: Geometrie;nein;
GER-K6;Sek II;Analytische Geometrie;geraden;4 Sachgeraden;*;4;Ich kann Abstände aus Neigung und Höhe berechnen.;;Q3;Abi GK ×1;Abitur GK: Geometrie;nein;
GLE-K1;Sek II;Analysis;gleichungen-loesen;1 Ganzrationale Gleichungen;Schnittpunkte und Stellen;1;Ich kann Schnittpunkte zweier Graphen berechnen.;;Q1;Abi GK ×4 · FHR ×7;Abitur GK: Analysis II;nein;
GLE-K2;Sek II;Analysis;gleichungen-loesen;1 Ganzrationale Gleichungen;*;1;Ich kann die Breite eines Profils in einer Höhe bestimmen.;;Q1;Abi LK ×1;Abitur GK: Analysis II;nein;
GLE-K3;Sek II;Analysis;gleichungen-loesen;2 Gleichungen mit e-Funktion und Logarithmus;Gleichungen mit e-Funktion und Logarithmus;2;Ich kann Gleichungen mit e-Funktion und Logarithmus lösen.;;Q1;Abi GK ×4 · Abi LK ×6;Abitur GK: Analysis II;nein;
GLE-K4;Sek II;Analysis;gleichungen-loesen;2 Gleichungen mit e-Funktion und Logarithmus;*;2;Ich kann Schnittpunkte durch Ausklammern bestimmen.;;Q1;Abi GK ×1;Abitur GK: Analysis II;nein;
GLE-K5;Sek II;Analysis;gleichungen-loesen;3 Gleichungen aufstellen und grafisch oder numerisch lösen;Gleichungen aufstellen und grafisch oder numerisch lösen;3;Ich kann Gleichungen grafisch oder mit dem Rechner lösen.;;Q1;Abi GK ×3 · Abi LK ×6;Abitur GK: Analysis II;nein;
GLE-K6;Sek II;Analysis;gleichungen-loesen;3 Gleichungen aufstellen und grafisch oder numerisch lösen;*;3;Ich kann Schnittpunkte mit dem Rechner ermitteln.;;Q1;Abi LK ×1;Abitur GK: Analysis II;nein;
GLE-K7;Sek II;Analysis;gleichungen-loesen;4 Ungleichungen;Ungleichungen;4;Ich kann Ungleichungen lösen.;;;Abi GK ×3 · Abi LK ×1;Abitur GK: Analysis II;nein;
GLE-K8;Sek II;Analysis;gleichungen-loesen;4 Ungleichungen;*;4;Ich kann bestimmen, wo eine Funktion einen Wert überschreitet.;;;Abi GK ×2;Abitur GK: Analysis II;nein;
GRE-K1;Sek II;Analysis;grenzwerte-und-verhalten-im-unendlichen;1 Ganzrationale Funktionen;Ganzrationale Funktionen;1;Ich kann das Verhalten ganzrationaler Funktionen im Unendlichen bestimmen.;;Q1;Abi GK ×2 · Abi LK ×2 · FHR ×8;Abitur GK: Analysis I;nein;
GRE-K2;Sek II;Analysis;grenzwerte-und-verhalten-im-unendlichen;2 Produkte aus Polynom und e-Funktion;Produkte aus Polynom und e-Funktion;2;Ich kann das Verhalten von Polynom mal e-Funktion im Unendlichen bestimmen.;;Q1;Abi GK ×7 · Abi LK ×3;Abitur GK: Analysis I;nein;
GRE-K3;Sek II;Analysis;grenzwerte-und-verhalten-im-unendlichen;3 Waagerechte Asymptoten;Waagerechte Asymptoten;3;Ich kann waagerechte Asymptoten angeben.;;Q1;Abi LK ×2;Abitur GK: Analysis I;nein;
VER-K1;Sek II;Stochastik;hypergeometrische-verteilung;1 Genau k Treffer ohne Zurücklegen;Genau k ohne Zurücklegen;1;Ich kann Wahrscheinlichkeiten beim Ziehen ohne Zurücklegen berechnen.;;Q2;Abi GK ×1 · Abi LK ×4;Abitur GK: Stochastik;nein;
VER-K2;Sek II;Stochastik;hypergeometrische-verteilung;2 Kumulieren gegen eine Schranke;Kumulieren;2;Ich kann Wahrscheinlichkeiten ohne Zurücklegen aufsummieren.;;Q2;Abi LK ×1;Abitur GK: Stochastik;nein;
HYP-K1;Sek II;Stochastik;hypothesentests;1 Entscheidungsregel bestimmen;Entscheidungsregel;1;Ich kann eine Entscheidungsregel für einen Test aufstellen.;;Q4;Abi LK ×6;Abitur GK: Stochastik;nein;
HYP-K2;Sek II;Stochastik;hypothesentests;1 Entscheidungsregel bestimmen;*;1;Ich kann die Ablehnungsgrenze bei größerem Stichprobenumfang bestimmen.;;Q4;Abi LK ×1;Abitur GK: Stochastik;nein;
HYP-K3;Sek II;Stochastik;hypothesentests;2 Die Nullhypothese wählen;Wahl der Nullhypothese;2;Ich kann die Nullhypothese begründet wählen.;;Q4;Abi LK ×4;Abitur GK: Stochastik;nein;
HYP-K4;Sek II;Stochastik;hypothesentests;3 Fehlerarten und Güte;Fehlerarten und Güte;3;Ich kann Fehler erster und zweiter Art berechnen und deuten.;;Q4;Abi LK ×6;Abitur GK: Stochastik;nein;
HYP-K5;Sek II;Stochastik;hypothesentests;3 Fehlerarten und Güte;*;3;Ich kann Fehlentscheidungen eines Tests im Sachzusammenhang beschreiben.;;Q4;Abi LK ×1;Abitur GK: Stochastik;nein;
INT-K1;Sek II;Analysis;integrationsregeln;1 Der Regelsatz;Der Regelsatz;1;Ich kann Stammfunktionen mit den Integrationsregeln bilden.;;Q2;;Abitur GK: Analysis II;nein;
INT-K2;Sek II;Analysis;integrationsregeln;2 Vorgegebene Regeln anwenden;Vorgegebene Regeln anwenden;2;Ich kann eine vorgegebene Integrationsregel anwenden.;;Q2;Abi LK ×1;Abitur GK: Analysis II;nein;
KEN-K1;Sek II;Stochastik;kenngroessen-von-verteilungen;1 Erwartungswert berechnen und deuten;Erwartungswert berechnen und deuten;1;Ich kann den Erwartungswert berechnen und deuten.;;Q2;Abi GK ×5 · Abi LK ×3 · FHR ×2;Abitur GK: Stochastik;nein;
KEN-K2;Sek II;Stochastik;kenngroessen-von-verteilungen;1 Erwartungswert berechnen und deuten;*;1;Ich kann Abweichungen vom Erwartungswert und Erwartungswerte in Sachaufgaben berechnen.;;Q2;Abi GK ×1 · Abi LK ×1;Abitur GK: Stochastik;nein;
KEN-K3;Sek II;Stochastik;kenngroessen-von-verteilungen;2 Rückwärts;Rückwärts;2;Ich kann aus dem Erwartungswert eine fehlende Größe bestimmen.;;Q4;Abi GK ×3 · Abi LK ×9;Abitur GK: Stochastik;nein;
KEN-K4;Sek II;Stochastik;kenngroessen-von-verteilungen;2 Rückwärts;*;2;Ich kann Spielregeln über den Erwartungswert fair machen.;;Q4;Abi GK ×2 · Abi LK ×1;Abitur GK: Stochastik;nein;
KEN-K5;Sek II;Stochastik;kenngroessen-von-verteilungen;3 Varianz und Standardabweichung;Streuung;3;Ich kann die Standardabweichung einer Verteilung berechnen.;;Q2;Abi GK ×3;Abitur GK: Stochastik;nein;
KEN-K6;Sek II;Stochastik;kenngroessen-von-verteilungen;3 Varianz und Standardabweichung;*;3;Ich kann aus der Standardabweichung den Stichprobenumfang bestimmen.;;Q2;Abi GK ×2;Abitur GK: Stochastik;nein;
KEN-K7;Sek II;Stochastik;kenngroessen-von-verteilungen;4 Kenngrößen am Säulendiagramm;Diagramm;4;Ich kann Erwartungswert und Streuung im Diagramm ablesen.;;Q4;Abi GK ×2 · Abi LK ×1;Abitur GK: Stochastik;nein;
KOE-K1;Sek I;Größen und Messen, Raum und Form;koerper;1 Körper erkennen, Netze, Schrägbilder;Körper und Netze;1;Ich kann Körper und ihre Netze erkennen.;5–6;5–6;P10 ×5;MSA: Geometrie;nein;
KOE-K2;Sek I;Größen und Messen, Raum und Form;koerper;1 Körper erkennen, Netze, Schrägbilder;*;1;Ich kann Schrägbilder lesen und Flächen eines Körpers benennen.;5–6;5–6;P10 ×1;MSA: Geometrie;nein;
KOE-K3;Sek I;Größen und Messen, Raum und Form;koerper;2 Quader und Würfel;Quader;2;Ich kann Volumen und Oberfläche eines Quaders berechnen.;5–6;5–6;P10 ×1;MSA: Geometrie;nein;
KOE-K4;Sek I;Größen und Messen, Raum und Form;koerper;2 Quader und Würfel;*;2;Ich kann mit Litern, Würfelkanten und offenen Kisten rechnen.;5–6;5–6;;MSA: Geometrie;nein;
KOE-K5;Sek I;Größen und Messen, Raum und Form;koerper;3 Prisma;Prisma;3;Ich kann Volumen und Oberfläche eines Prismas berechnen.;8;7–8;P10 ×7;MSA: Geometrie;nein;
KOE-K6;Sek I;Größen und Messen, Raum und Form;koerper;4 Zylinder;Zylinder;4;Ich kann Volumen und Oberfläche eines Zylinders berechnen.;8;7–8;P10 ×6;MSA: Geometrie;nein;
KOE-K7;Sek I;Größen und Messen, Raum und Form;koerper;5 Zusammengesetzte Körper und Anwendungen;Zusammengesetzt;5;Ich kann das Volumen zusammengesetzter Körper berechnen.;6–9;9;P10 ×1;MSA: Geometrie;nein;
KOE-K8;Sek I;Größen und Messen, Raum und Form;koerper;5 Zusammengesetzte Körper und Anwendungen;*;5;Ich kann Füllstände und Oberflächen zusammengesetzter Körper berechnen.;6–9;9;;MSA: Geometrie;nein;
KOM-K1;Sek II;Stochastik;kombinatorik;1 Zählprinzip und Anordnungen;Zählprinzip und Anordnungen;1;Ich kann Möglichkeiten mit dem Zählprinzip zählen.;;Q2;Abi GK ×1 · Abi LK ×1 · FHR ×3;Abitur GK: Stochastik;nein;
KOM-K2;Sek II;Stochastik;kombinatorik;2 Auswahlen und Binomialkoeffizient;Auswahlen und Binomialkoeffizient;2;Ich kann Auswahlen mit dem Binomialkoeffizienten zählen.;;Q2;Abi GK ×2 · Abi LK ×3 · FHR ×8;Abitur GK: Stochastik;nein;
KOM-K3;Sek II;Stochastik;kombinatorik;3 Zählen mit Bedingungen und Wahrscheinlichkeitsterme;Zählen mit Bedingungen und Wahrscheinlichkeitsterme;3;Ich kann mit Bedingungen zählen und Wahrscheinlichkeiten aufstellen.;;Q2;Abi GK ×2 · Abi LK ×3;Abitur GK: Stochastik;nein;
KON-K1;Sek II;Stochastik;konfidenzintervalle;1 Das Intervall lesen und deuten;Lesen und Überdeckung;1;Ich kann ein Konfidenzintervall ablesen.;;Q4;Abi LK ×3;Abitur GK: Stochastik;nein;
KON-K2;Sek II;Stochastik;konfidenzintervalle;2 Mit der Näherungsformel rechnen;Näherungsformel;2;Ich kann ein Konfidenzintervall mit der Näherungsformel berechnen.;;Q4;Abi LK ×2;Abitur GK: Stochastik;nein;
KON-K3;Sek II;Stochastik;konfidenzintervalle;2 Mit der Näherungsformel rechnen;*;2;Ich kann prüfen, ob eine Wahrscheinlichkeit zum Intervall passt.;;Q4;Abi LK ×1;Abitur GK: Stochastik;nein;
KON-K4;Sek II;Stochastik;konfidenzintervalle;3 Argumente über Formel und Verträglichkeit;Argumente;3;Ich kann mit Konfidenzintervallen argumentieren.;;Q4;Abi LK ×2;Abitur GK: Stochastik;nein;
KRE-K1;Sek I;Größen und Messen;kreis;1 Kreisumfang;Umfang;1;Ich kann den Umfang eines Kreises berechnen.;7–8;7–8;;MSA: Geometrie;nein;
KRE-K2;Sek I;Größen und Messen;kreis;1 Kreisumfang;*;1;Ich kann Kreise zeichnen und Radius, Durchmesser und Mittelpunkt benennen.;7–8;7–8;;MSA: Geometrie;nein;
KRE-K3;Sek I;Größen und Messen;kreis;2 Kreisfläche;Fläche;2;Ich kann den Flächeninhalt eines Kreises berechnen.;7–8;7–8;P10 ×3;MSA: Geometrie;nein;
KRE-K4;Sek I;Größen und Messen;kreis;2 Kreisfläche;*;2;Ich kann Kreisformeln in Sachaufgaben wählen und anwenden.;7–8;7–8;;MSA: Geometrie;nein;
KRE-K5;Sek I;Größen und Messen;kreis;3 Kreisteile;Kreisteile;3;Ich kann Kreisausschnitte und Kreisbögen berechnen.;7–9;7–9;P10 ×1;MSA: Geometrie;nein;
KRE-K6;Sek I;Größen und Messen;kreis;3 Kreisteile;*;3;Ich kann Kreisausschnitte in Sachaufgaben berechnen.;7–9;7–9;;MSA: Geometrie;nein;
KUR-K1;Sek II;Analysis;kurvenuntersuchung;1 Monotonie und erste Ableitung;Monotonie;1;Ich kann bestimmen, wo ein Graph steigt oder fällt.;;Q1;Abi GK ×3 · FHR ×8;Abitur GK: Analysis I;nein;
KUR-K2;Sek II;Analysis;kurvenuntersuchung;2 Extrempunkte;Extrempunkte berechnen;2;Ich kann Extrempunkte berechnen.;;Q1;Abi GK ×9 · Abi LK ×1 · FHR ×8;Abitur GK: Analysis I;nein;
KUR-K3;Sek II;Analysis;kurvenuntersuchung;2 Extrempunkte;Extrempunkte nachweisen;2;Ich kann Extrempunkte nachweisen.;;Q1;Abi GK ×5 · Abi LK ×1;Abitur GK: Analysis I;nein;
KUR-K4;Sek II;Analysis;kurvenuntersuchung;2 Extrempunkte;*;2;Ich kann mit Extrempunkten argumentieren.;;Q1;Abi GK ×5 · Abi LK ×1;Abitur GK: Analysis I;nein;
KUR-K5;Sek II;Analysis;kurvenuntersuchung;3 Krümmung und Wendepunkte;Wendepunkte und Krümmung;3;Ich kann Wendepunkte und Krümmung bestimmen.;;Q1;Abi GK ×4 · Abi LK ×2 · FHR ×7;Abitur GK: Analysis I;nein;
KUR-K6;Sek II;Analysis;kurvenuntersuchung;3 Krümmung und Wendepunkte;*;3;Ich kann Wendepunkte und Wendetangenten weiterverwenden.;;Q1;Abi GK ×2 · Abi LK ×2 · FHR ×7;Abitur GK: Analysis I;nein;
KUR-K7;Sek II;Analysis;kurvenuntersuchung;4 Graph und Ableitungsgraph;Graph und Ableitungsgraph;4;Ich kann Graph und Ableitungsgraph einander zuordnen.;;Q1;Abi GK ×5 · Abi LK ×1;Abitur GK: Analysis I;nein;
KUR-K8;Sek II;Analysis;kurvenuntersuchung;4 Graph und Ableitungsgraph;*;4;Ich kann Eigenschaften von Graphen indirekt nachweisen.;;Q1;;Abitur GK: Analysis I;nein;
KUR-K9;Sek II;Analysis;kurvenuntersuchung;5 Kurvenuntersuchung im Sachzusammenhang;Sachzusammenhang;5;Ich kann eine Kurvenuntersuchung im Sachzusammenhang deuten.;;Q1;Abi GK ×7 · Abi LK ×3 · FHR ×4;Abitur GK: Analysis I;nein;
KUR-K10;Sek II;Analysis;kurvenuntersuchung;5 Kurvenuntersuchung im Sachzusammenhang;*;5;Ich kann Funktionswerte im Sachzusammenhang deuten und ablesen.;;Q1;;Abitur GK: Analysis I;nein;
LAG-K1;Sek II;Analytische Geometrie;lagebeziehungen;1 Punktprobe und Seitenlage;Punktprobe und Seitenlage;1;Ich kann prüfen, ob ein Punkt in einer Ebene liegt.;;Q3;Abi GK ×8 · Abi LK ×3;Abitur GK: Geometrie;nein;
LAG-K2;Sek II;Analytische Geometrie;lagebeziehungen;2 Parameter aus der Lagebedingung;Parameter aus der Lagebedingung;2;Ich kann einen Parameter aus einer Lagebedingung bestimmen.;;Q3;Abi GK ×1 · Abi LK ×4;Abitur GK: Geometrie;nein;
LAG-K3;Sek II;Analytische Geometrie;lagebeziehungen;3 Gerade und Ebene;Gerade und Ebene;3;Ich kann die Lage von Gerade und Ebene bestimmen.;;Q3;Abi GK ×3 · Abi LK ×4;Abitur GK: Geometrie;nein;
LAG-K4;Sek II;Analytische Geometrie;lagebeziehungen;4 Lagebefunde im Sachzusammenhang;Lagebefunde im Sachzusammenhang;4;Ich kann Lagebeziehungen im Sachzusammenhang deuten.;;Q3;Abi GK ×2 · Abi LK ×2;Abitur GK: Geometrie;nein;
LAG-K5;Sek II;Analytische Geometrie;lagebeziehungen;3 Gerade und Ebene;*;4;Ich kann die Länge eines Schattens über Schnittpunkte berechnen.;;Q3;Abi LK ×1;Abitur GK: Geometrie;nein;
LIN-K2;Sek I;Gleichungen und Funktionen;lineare-funktionen;1 Proportionale Funktion;Proportionale Funktion;1;Ich kann eine proportionale Funktion aufstellen und zeichnen.;8;8;;MSA: Funktionen;nein;
LIN-K3;Sek I;Gleichungen und Funktionen;lineare-funktionen;1 Proportionale Funktion;*;1;Ich kann mit dem Dreisatz kontrollieren.;8;8;;MSA: Funktionen;nein;
LIN-K1;Sek I;Gleichungen und Funktionen;lineare-funktionen;2 Lineare Funktion f(x) = m·x + n;Graph zeichnen;2;Ich kann den Graphen einer linearen Funktion zeichnen.;8;8;P10 ×5;MSA: Funktionen;ja;bau/kompetenz/LIN-K1/LIN-K1.pdf
LIN-K4;Sek I;Gleichungen und Funktionen;lineare-funktionen;2 Lineare Funktion f(x) = m·x + n;Ablesen;2;Ich kann m und n am Graphen ablesen.;8;8;P10 ×4;MSA: Funktionen;nein;
LIN-K5;Sek I;Gleichungen und Funktionen;lineare-funktionen;2 Lineare Funktion f(x) = m·x + n;*;2;Ich kann m und n deuten.;8;8;;MSA: Funktionen;nein;
LIN-K6;Sek I;Gleichungen und Funktionen;lineare-funktionen;3 Punkte und Werte;Funktionswert;3;Ich kann Funktionswerte einer linearen Funktion berechnen.;8;8;P10 ×12;MSA: Funktionen;nein;
LIN-K7;Sek I;Gleichungen und Funktionen;lineare-funktionen;3 Punkte und Werte;*;3;Ich kann Wertetabelle und y-Achsenabschnitt angeben.;8;8;;MSA: Funktionen;nein;
LIN-K8;Sek I;Gleichungen und Funktionen;lineare-funktionen;4 Gleichung bestimmen;Gleichung bestimmen;4;Ich kann die Gleichung einer Geraden bestimmen.;8;8;P10 ×4;MSA: Funktionen;nein;
LIN-K9;Sek I;Gleichungen und Funktionen;lineare-funktionen;4 Gleichung bestimmen;*;4;Ich kann eine Gerade durch zwei Punkte zeichnen und Schnittpunkte berechnen.;8;8;;MSA: Funktionen;nein;
LIN-K10;Sek I;Gleichungen und Funktionen;lineare-funktionen;5 Anwendungen;Anwendung;5;Ich kann lineare Funktionen bei Tarifen anwenden.;8;8;P10 ×6;MSA: Funktionen;nein;
LIN-K11;Sek I;Gleichungen und Funktionen;lineare-funktionen;5 Anwendungen;*;5;Ich kann Graphen und Gleichungen Sachsituationen zuordnen.;8;8;;MSA: Funktionen;nein;
LGL-K1;Sek I;Gleichungen und Funktionen;lineare-gleichungen;1 Gleichungen verstehen;Lösung prüfen;1;Ich kann eine Lösung durch Einsetzen prüfen.;5–6;6–7;P10 ×3;MSA: Zahlen;nein;
LGL-K2;Sek I;Gleichungen und Funktionen;lineare-gleichungen;1 Gleichungen verstehen;Durch Probieren lösen;1;Ich kann eine Gleichung durch Probieren lösen.;5–6;6–7;;MSA: Zahlen;nein;
LGL-K3;Sek I;Gleichungen und Funktionen;lineare-gleichungen;2 Äquivalenzumformungen;Umformen;2;Ich kann eine Gleichung durch Umformen lösen.;7–8;7;P10 ×4;MSA: Zahlen;nein;
LGL-K4;Sek I;Gleichungen und Funktionen;lineare-gleichungen;3 Gleichungen mit x auf beiden Seiten, Klammern, Brüchen und …;x beidseitig;3;Ich kann eine Gleichung mit x auf beiden Seiten lösen.;7–8;7–8;;MSA: Zahlen;nein;
LGL-K5;Sek I;Gleichungen und Funktionen;lineare-gleichungen;3 Gleichungen mit x auf beiden Seiten, Klammern, Brüchen und …;*;3;Ich kann Gleichungen mit Dezimalzahlen lösen.;7–8;7–8;;MSA: Zahlen;nein;
LGL-K6;Sek I;Gleichungen und Funktionen;lineare-gleichungen;4 Gleichungen aufstellen;Aufstellen;4;Ich kann zu einem Text eine Gleichung aufstellen.;6–8;7;P10 ×7;MSA: Zahlen;nein;
LGL-K7;Sek I;Gleichungen und Funktionen;lineare-gleichungen;4 Gleichungen aufstellen;*;4;Ich kann eine Formel umstellen.;6–8;7;;MSA: Zahlen;nein;
LGS-K1;Sek I;Gleichungen und Funktionen;lineare-gleichungssysteme;1 Gleichungen mit zwei Variablen und grafisches Lösen;Grafisch;1;Ich kann ein Gleichungssystem grafisch lösen.;9;8;P10 ×3;MSA: Funktionen;nein;
LGS-K2;Sek II;Gleichungen und Funktionen;lineare-gleichungssysteme;1 Gleichungen mit zwei Variablen und grafisches Lösen;Grafisch, Sek II;1;Ich kann die Lösungsvielfalt eines Gleichungssystems grafisch zeigen.;9;8;Abi GK;MSA: Funktionen;nein;
LGS-K3;Sek I;Gleichungen und Funktionen;lineare-gleichungssysteme;2 Einsetzungsverfahren;Einsetzen;2;Ich kann ein Gleichungssystem mit dem Einsetzungsverfahren lösen.;9;8;P10 ×2;MSA: Funktionen;nein;
LGS-K4;Sek I;Gleichungen und Funktionen;lineare-gleichungssysteme;2 Einsetzungsverfahren;*;2;Ich kann Gleichungssysteme mit Bruch als Lösung lösen.;9;8;;MSA: Funktionen;nein;
LGS-K5;Sek I;Gleichungen und Funktionen;lineare-gleichungssysteme;3 Additionsverfahren;Addition;3;Ich kann ein Gleichungssystem mit dem Additionsverfahren lösen.;9;8;;MSA: Funktionen;nein;
LGS-K6;Sek II;Gleichungen und Funktionen;lineare-gleichungssysteme;3 Additionsverfahren;Addition, Sek II;3;Ich kann mit dem Additionsverfahren die Zahl der Lösungen erkennen.;9;8;Abi GK;MSA: Funktionen;nein;
LGS-K7;Sek I;Gleichungen und Funktionen;lineare-gleichungssysteme;3 Additionsverfahren;*;3;Ich kann Gleichungssysteme mit Dezimalzahlen und Brüchen lösen.;9;8;;MSA: Funktionen;nein;
LGS-K8;Sek I;Gleichungen und Funktionen;lineare-gleichungssysteme;4 Sachaufgaben;Sachaufgaben;4;Ich kann zu einer Sachaufgabe ein Gleichungssystem aufstellen.;9;8;P10 ×5;MSA: Funktionen;nein;
LGS-K9;Sek II;Gleichungen und Funktionen;lineare-gleichungssysteme;4 Sachaufgaben;Sachaufgaben, Sek II;4;Ich kann ein Gleichungssystem im Sachzusammenhang deuten.;9;8;Abi LK;MSA: Funktionen;nein;
LGS-K10;Sek I;Gleichungen und Funktionen;lineare-gleichungssysteme;4 Sachaufgaben;*;4;Ich kann Gleichungssysteme bei Mischungen und Altersrätseln aufstellen und prüfen.;9;8;;MSA: Funktionen;nein;
LGS-K11;Sek I;Gleichungen und Funktionen;lineare-gleichungssysteme;5 Drei Variablen und Lösungsvielfalt;Drei Variablen und Lösungsvielfalt;5;Ich kann Gleichungssysteme mit drei Variablen lösen.;;Q3;Abi LK;MSA: Funktionen;nein;
LKO-K1;Sek II;Analytische Geometrie;linearkombination-und-lineare-abhaengigkeit;1 Kollinearität und lineare Abhängigkeit;Kollinearität und lineare Abhängigkeit;1;Ich kann lineare Abhängigkeit von Vektoren prüfen.;;Q3;;Abitur GK: Geometrie;nein;
LKO-K2;Sek II;Analytische Geometrie;linearkombination-und-lineare-abhaengigkeit;2 Linearkombination mit Nebenbedingung;Linearkombination mit Nebenbedingung;2;Ich kann einen Vektor als Linearkombination darstellen.;;Q3;Abi LK ×1;Abitur GK: Geometrie;nein;
MAT-K1;Sek II;Analytische Geometrie;matrizen-und-uebergangsprozesse;1 Matrizen als Rechenobjekte;Matrizen als Rechenobjekte;1;Ich kann eine Matrix mit einem Vektor multiplizieren.;;Q3;Abi GK ×1 · Abi LK ×2;Abitur GK: Geometrie;nein;
MAT-K2;Sek II;Analytische Geometrie;matrizen-und-uebergangsprozesse;2 Vektoren unter Matrizen;Vektoren unter Matrizen;2;Ich kann Fixvektoren einer Matrix bestimmen.;;Q3;Abi LK ×3;Abitur GK: Geometrie;nein;
MAT-K3;Sek II;Analytische Geometrie;matrizen-und-uebergangsprozesse;3 Verflechtung;Verflechtung;3;Ich kann Verflechtungen mit Matrizen berechnen.;;Q3;Abi LK ×2;Abitur GK: Geometrie;nein;
MAT-K4;Sek II;Analytische Geometrie;matrizen-und-uebergangsprozesse;4 Übergangsmodell;Übergangsmodell;4;Ich kann ein Übergangsmodell als Graph und Matrix darstellen.;;Q3;Abi GK ×3;Abitur GK: Geometrie;nein;
MAT-K5;Sek II;Analytische Geometrie;matrizen-und-uebergangsprozesse;5 Stationär und langfristig;Stationär und langfristig;5;Ich kann die stationäre Verteilung bestimmen.;;;Abi LK ×3;Abitur GK: Geometrie;nein;
MAT-K6;Sek II;Analytische Geometrie;matrizen-und-uebergangsprozesse;5 Stationär und langfristig;*;5;Ich kann beurteilen, ob ein Modell langfristig passt.;;;;Abitur GK: Geometrie;nein;
NOR-K1;Sek II;Stochastik;normalverteilung-und-sigma-regeln;1 Modell und Glockenkurve;Modell und Glockenkurve;1;Ich kann die Glockenkurve einer Normalverteilung deuten.;;Q4;Abi LK ×3;Abitur GK: Stochastik;nein;
NOR-K2;Sek II;Stochastik;normalverteilung-und-sigma-regeln;2 Wahrscheinlichkeiten berechnen;Wahrscheinlichkeiten berechnen;2;Ich kann Wahrscheinlichkeiten einer Normalverteilung berechnen.;;Q4;Abi LK ×4;Abitur GK: Stochastik;nein;
NOR-K3;Sek II;Stochastik;normalverteilung-und-sigma-regeln;3 Umkehraufgaben und Argumente;Umkehraufgaben und Argumente;3;Ich kann Umkehraufgaben zur Normalverteilung lösen.;;Q4;Abi LK ×2;Abitur GK: Stochastik;nein;
NOR-K4;Sek II;Stochastik;normalverteilung-und-sigma-regeln;3 Umkehraufgaben und Argumente;*;3;Ich kann die Standardabweichung aus einer Wahrscheinlichkeit bestimmen.;;Q4;Abi LK ×1;Abitur GK: Stochastik;nein;
ORT-K1;Sek II;Analytische Geometrie;orthogonalitaet;1 Rechte Winkel an Dreiecken nachweisen;Rechte Winkel nachweisen;1;Ich kann einen rechten Winkel mit dem Skalarprodukt nachweisen.;;Q3;Abi GK ×4 · Abi LK ×3;Abitur GK: Geometrie;nein;
ORT-K2;Sek II;Analytische Geometrie;orthogonalitaet;2 Rechte Winkel rückwärts;Rechte Winkel rückwärts;2;Ich kann eine Koordinate so bestimmen, dass ein rechter Winkel entsteht.;;Q3;Abi GK ×4 · Abi LK ×3;Abitur GK: Geometrie;nein;
ORT-K3;Sek II;Analytische Geometrie;orthogonalitaet;3 Senkrecht zu Geraden und Ebenen;Senkrecht zu Geraden und Ebenen;3;Ich kann prüfen, ob Geraden und Ebenen senkrecht stehen.;;Q3;Abi GK ×4 · Abi LK ×3;Abitur GK: Geometrie;nein;
ORT-K4;Sek II;Analytische Geometrie;orthogonalitaet;4 Lot und Extremum;Lot und Extremum;4;Ich kann den kürzesten Abstand über das Lot bestimmen.;;Q3;Abi LK ×2;Abitur GK: Geometrie;nein;
ORT-K5;Sek II;Analytische Geometrie;orthogonalitaet;4 Lot und Extremum;*;4;Ich kann das flächenkleinste Dreieck begründen.;;Q3;Abi GK ×1;Abitur GK: Geometrie;nein;
POT-K2;Sek I;Gleichungen und Funktionen;potenz-exponentialfunktionen;1 Lineares und exponentielles Wachstum unterscheiden;Wachstumsart erkennen und begründen;1;Ich kann erkennen und begründen, ob Wachstum linear oder exponentiell ist.;10;10;P10 ×2;MSA: Funktionen;nein;
POT-K3;Sek I;Gleichungen und Funktionen;potenz-exponentialfunktionen;1 Lineares und exponentielles Wachstum unterscheiden;Graph zu einem Wachstumsprozess auswählen;1;Ich kann den passenden Graphen zu einem Wachstum auswählen.;10;10;P10 ×2;MSA: Funktionen;nein;
POT-K4;Sek I;Gleichungen und Funktionen;potenz-exponentialfunktionen;1 Lineares und exponentielles Wachstum unterscheiden;Wertepaare darstellen;1;Ich kann Wertepaare im Koordinatensystem darstellen.;10;10;P10 ×4;MSA: Funktionen;nein;
POT-K5;Sek I;Gleichungen und Funktionen;potenz-exponentialfunktionen;2 Wachstumsfaktor und Wachstumstabelle;Wachstumsfaktor bestimmen;2;Ich kann den Wachstumsfaktor bestimmen.;10;10;P10 ×4;MSA: Funktionen;nein;
POT-K1;Sek I;Gleichungen und Funktionen;potenz-exponentialfunktionen;2 Wachstumsfaktor und Wachstumstabelle;Wachstumstabelle fortschreiben;2;Ich kann eine Wachstumstabelle mit dem Faktor fortschreiben.;10;10;P10 ×5;MSA: Funktionen;ja;bau/kompetenz/POT-K1/POT-K1.pdf
POT-K6;Sek I;Gleichungen und Funktionen;potenz-exponentialfunktionen;3 Exponentialfunktion aufstellen und auswerten;Exponentialfunktion aufstellen und deuten;3;Ich kann eine Exponentialfunktion aufstellen und deuten.;10;10;P10 ×6;MSA: Funktionen;nein;
POT-K7;Sek I;Gleichungen und Funktionen;potenz-exponentialfunktionen;3 Exponentialfunktion aufstellen und auswerten;Wert und Schwellenwert berechnen;3;Ich kann Werte und Schwellenwerte beim Wachstum berechnen.;10;10;P10 ×7;MSA: Funktionen;nein;
POT-K8;Sek I;Gleichungen und Funktionen;potenz-exponentialfunktionen;4 Verdopplungs- und Halbwertszeit;Verdopplungs- und Halbwertszeit;4;Ich kann Verdopplungs- und Halbwertszeit bestimmen.;10;10;P10 ×2;MSA: Funktionen;nein;
POT-K9;Sek I;Gleichungen und Funktionen;potenz-exponentialfunktionen;5 Potenzfunktionen mit natürlichem Exponenten;Wertetabelle und Graph;5;Ich kann Wertetabelle und Graph einer Potenzfunktion erstellen.;10;9;;MSA: Funktionen;nein;
POT-K10;Sek I;Gleichungen und Funktionen;potenz-exponentialfunktionen;5 Potenzfunktionen mit natürlichem Exponenten;Funktionswert, Punktprobe und Argument;5;Ich kann bei Potenzfunktionen Werte berechnen und Punkte prüfen.;10;9;;MSA: Funktionen;nein;
POT-K11;Sek I;Gleichungen und Funktionen;potenz-exponentialfunktionen;5 Potenzfunktionen mit natürlichem Exponenten;Potenzfunktion vom exponentiellen Term unterscheiden;5;Ich kann Potenzfunktion und Exponentialfunktion unterscheiden.;10;9;;MSA: Funktionen;nein;
WUR-K1;Sek I;Zahlen und Operationen;potenzen-wurzeln;1 Potenzen;Potenzen;1;Ich kann Potenzen berechnen.;5–9;5;P10 ×9;MSA: Zahlen;nein;
WUR-K2;Sek I;Zahlen und Operationen;potenzen-wurzeln;1 Potenzen;*;1;Ich kann Potenzen von Brüchen berechnen und vergleichen.;5–9;5;;MSA: Zahlen;nein;
WUR-K3;Sek I;Zahlen und Operationen;potenzen-wurzeln;2 Zehnerpotenzen;Zehnerpotenzen;2;Ich kann mit Zehnerpotenzen umgehen.;9–10;8–9;P10 ×9;MSA: Zahlen;nein;
WUR-K4;Sek I;Zahlen und Operationen;potenzen-wurzeln;3 Quadratwurzeln;Quadratwurzeln;3;Ich kann Quadratwurzeln ziehen.;7–9;8;P10 ×12;MSA: Zahlen;nein;
PRZ-K2;Sek I;Zahlen und Operationen;prozentrechnung;1 Prozente als Anteile;Umwandeln;1;Ich kann Anteile in Prozent umwandeln.;6;5;P10 ×6;MSA: Zahlen;nein;
PRZ-K3;Sek I;Zahlen und Operationen;prozentrechnung;1 Prozente als Anteile;*;1;Ich kann Prozentangaben ordnen.;6;5;;MSA: Zahlen;nein;
PRZ-K1;Sek I;Zahlen und Operationen;prozentrechnung;2 Prozentsatz berechnen;Prozentsatz;2;Ich kann berechnen, wie viel Prozent ein Teil vom Ganzen ist.;7;7;P10 ×5;MSA: Zahlen;ja;bau/kompetenz/PRZ-K1/PRZ-K1.pdf
PRZ-K4;Sek I;Zahlen und Operationen;prozentrechnung;2 Prozentsatz berechnen;*;2;Ich kann zu einem Prozentsatz ein passendes Zahlenpaar angeben.;7;7;;MSA: Zahlen;nein;
PRZ-K5;Sek I;Zahlen und Operationen;prozentrechnung;3 Prozentwert berechnen;Prozentwert;3;Ich kann den Prozentwert berechnen.;7;7;P10 ×7;MSA: Zahlen;nein;
PRZ-K6;Sek I;Zahlen und Operationen;prozentrechnung;3 Prozentwert berechnen;*;3;Ich kann die Mehrwertsteuer in Euro berechnen.;7;7;;MSA: Zahlen;nein;
PRZ-K7;Sek I;Zahlen und Operationen;prozentrechnung;4 Grundwert berechnen;Grundwert;4;Ich kann den Grundwert berechnen.;7;7;P10 ×2;MSA: Zahlen;nein;
PRZ-K8;Sek I;Zahlen und Operationen;prozentrechnung;5 Prozentuale Veränderung;Veränderung;5;Ich kann prozentuale Veränderungen berechnen.;7–8;7;P10 ×7;MSA: Zahlen;nein;
PUN-K1;Sek II;Analytische Geometrie;punkte-und-strecken-im-koordinatensystem;1 Punkte darstellen und Lage lesen;Darstellen und Lage lesen;1;Ich kann Punkte im räumlichen Koordinatensystem darstellen und ablesen.;;Q3;Abi GK ×6 · Abi LK ×3;Abitur GK: Geometrie;nein;
PUN-K2;Sek II;Analytische Geometrie;punkte-und-strecken-im-koordinatensystem;2 Streckenlängen, Mittelpunkt und Teilpunkte;Streckenlänge, Mittelpunkt, Teilpunkte;2;Ich kann Streckenlänge und Mittelpunkt berechnen.;;Q3;Abi GK ×6 · Abi LK ×3;Abitur GK: Geometrie;nein;
PUN-K3;Sek II;Analytische Geometrie;punkte-und-strecken-im-koordinatensystem;3 Dreiecke nachweisen;Dreiecke nachweisen;3;Ich kann besondere Dreiecke im Raum nachweisen.;;Q3;Abi GK ×7 · Abi LK ×4;Abitur GK: Geometrie;nein;
PUN-K4;Sek II;Analytische Geometrie;punkte-und-strecken-im-koordinatensystem;4 Vierecke nachweisen;Vierecke nachweisen;4;Ich kann besondere Vierecke im Raum nachweisen.;;Q3;Abi GK ×9 · Abi LK ×5;Abitur GK: Geometrie;nein;
PUN-K5;Sek II;Analytische Geometrie;punkte-und-strecken-im-koordinatensystem;5 Körper im Koordinatensystem und Drehungen;Körper und Drehungen;5;Ich kann Eckpunkte von Körpern im Raum bestimmen.;;Q3;Abi GK ×7 · Abi LK ×5;Abitur GK: Geometrie;nein;
PYR-K1;Sek I;Größen und Messen, Raum und Form;pyramide-kegel-kugel;1 Pyramide;Pyramide;1;Ich kann Volumen und Oberfläche einer Pyramide berechnen.;8–9;8–10;P10 ×4;MSA: Geometrie;nein;
PYR-K2;Sek I;Größen und Messen, Raum und Form;pyramide-kegel-kugel;2 Kegel;Kegel;2;Ich kann Volumen und Oberfläche eines Kegels berechnen.;8–10;8–10;P10 ×1;MSA: Geometrie;nein;
PYR-K3;Sek I;Größen und Messen, Raum und Form;pyramide-kegel-kugel;3 Kugel;Kugel;3;Ich kann Volumen und Oberfläche einer Kugel berechnen.;8–10;9–10;P10 ×2;MSA: Geometrie;nein;
PYT-K1;Sek I;Größen und Messen;pythagoras;1 Satz und Hypotenuse;Hypotenuse;1;Ich kann die Hypotenuse mit dem Satz des Pythagoras berechnen.;8–9;8–9;P10 ×5;MSA: Geometrie;nein;
PYT-K2;Sek I;Größen und Messen;pythagoras;1 Satz und Hypotenuse;*;1;Ich kann den Satz des Pythagoras an Quadraten zeigen und sinnvoll runden.;8–9;8–9;;MSA: Geometrie;nein;
PYT-K3;Sek I;Größen und Messen;pythagoras;2 Kathete und Umkehrung;Kathete;2;Ich kann eine Kathete mit dem Satz des Pythagoras berechnen.;8–9;8–9;P10 ×6;MSA: Geometrie;nein;
PYT-K4;Sek I;Größen und Messen;pythagoras;2 Kathete und Umkehrung;*;2;Ich kann pythagoreische Zahlentripel erkennen.;8–9;8–9;;MSA: Geometrie;nein;
PYT-K5;Sek I;Größen und Messen;pythagoras;3 Pythagoras in Figuren und Körpern;Figuren und Körper;3;Ich kann den Satz des Pythagoras in Figuren und Körpern anwenden.;8–9;8–9;P10 ×10;MSA: Geometrie;nein;
PYT-K6;Sek I;Größen und Messen;pythagoras;3 Pythagoras in Figuren und Körpern;*;3;Ich kann den Satz des Pythagoras in Sachaufgaben mit Skizze anwenden.;8–9;8–9;;MSA: Geometrie;nein;
QUA-K1;Sek I;Gleichungen und Funktionen;quadratische-funktionen;1 Normalparabel und Streckfaktor;Normalparabel und Streckfaktor;1;Ich kann Normalparabel und gestreckte Parabeln zeichnen.;9–10;9;P10 ×3;MSA: Funktionen;nein;
QUA-K2;Sek I;Gleichungen und Funktionen;quadratische-funktionen;2 Scheitelpunktform;Scheitelpunktform;2;Ich kann mit der Scheitelpunktform arbeiten.;9–10;9;P10 ×4;MSA: Funktionen;nein;
QUA-K3;Sek I;Gleichungen und Funktionen;quadratische-funktionen;3 Normalform;Normalform;3;Ich kann mit der Normalform einer Parabel arbeiten.;9–10;9;P10 ×9;MSA: Funktionen;nein;
QUA-K4;Sek I;Gleichungen und Funktionen;quadratische-funktionen;4 Nullstellen und Schnittpunkte berechnen;Nullstellen und Schnittpunkte;4;Ich kann Nullstellen und Schnittpunkte von Parabeln berechnen.;10;9;P10 ×6;MSA: Funktionen;nein;
QGL-K2;Sek I;Gleichungen und Funktionen;quadratische-gleichungen;1 Wurzelziehen und Lösbarkeit;Wurzelziehen und Lösbarkeit;1;Ich kann quadratische Gleichungen durch Wurzelziehen lösen.;9–10;8–9;P10 ×2;MSA: Funktionen;nein;
QGL-K3;Sek I;Gleichungen und Funktionen;quadratische-gleichungen;3 Satz vom Nullprodukt;Nullprodukt;2;Ich kann quadratische Gleichungen mit dem Satz vom Nullprodukt lösen.;10;8–9;P10 ×6;MSA: Funktionen;nein;
QGL-K1;Sek I;Gleichungen und Funktionen;quadratische-gleichungen;2 Normalform und p-q-Formel;p-q-Formel;3;Ich kann quadratische Gleichungen mit der p-q-Formel lösen.;9–10;9;P10 ×7;MSA: Funktionen;ja;bau/kompetenz/QGL-K1/QGL-K1.pdf
QGL-K4;Sek I;Gleichungen und Funktionen;quadratische-gleichungen;2 Normalform und p-q-Formel;*;3;Ich kann Gerade und Parabel gleichsetzen.;9–10;9;;MSA: Funktionen;nein;
QGL-K5;Sek I;Gleichungen und Funktionen;quadratische-gleichungen;4 Sachaufgaben;Sachaufgaben;4;Ich kann Sachaufgaben mit quadratischen Gleichungen lösen.;9–10;9;;MSA: Funktionen;nein;
QGL-K6;Sek I;Gleichungen und Funktionen;quadratische-gleichungen;4 Sachaufgaben;*;4;Ich kann Aufgaben zum Quadrat mit Rand lösen.;9–10;9;;MSA: Funktionen;nein;
RAT-K1;Sek I;Zahlen und Operationen;rationale-zahlen;1 Negative Zahlen kennen und ordnen;Ordnen;1;Ich kann rationale Zahlen ordnen.;6–7;6–7;P10 ×7;MSA: Zahlen;nein;
RAT-K2;Sek I;Zahlen und Operationen;rationale-zahlen;1 Negative Zahlen kennen und ordnen;*;1;Ich kann die Mitte zweier Zahlen angeben und Punkte in vier Quadranten eintragen.;6–7;6–7;;MSA: Zahlen;nein;
RAT-K3;Sek I;Zahlen und Operationen;rationale-zahlen;2 Addieren und Subtrahieren;Addieren/Subtrahieren;2;Ich kann rationale Zahlen addieren und subtrahieren.;6–7;7;;MSA: Zahlen;nein;
RAT-K4;Sek I;Zahlen und Operationen;rationale-zahlen;2 Addieren und Subtrahieren;*;2;Ich kann mit Beträgen, Brüchen und Dezimalzahlen plus und minus rechnen.;6–7;7;;MSA: Zahlen;nein;
RAT-K5;Sek I;Zahlen und Operationen;rationale-zahlen;3 Multiplizieren und Dividieren;Multiplizieren/Dividieren;3;Ich kann rationale Zahlen multiplizieren und dividieren.;7;7;P10 ×6;MSA: Zahlen;nein;
RAT-K6;Sek I;Zahlen und Operationen;rationale-zahlen;3 Multiplizieren und Dividieren;*;3;Ich kann Vorzeichenregeln prüfen.;7;7;;MSA: Zahlen;nein;
RAT-K7;Sek I;Zahlen und Operationen;rationale-zahlen;4 Terme und Sachaufgaben;Terme und Sachaufgaben;4;Ich kann mit rationalen Zahlen in Termen und Sachaufgaben rechnen.;7;7;P10 ×2;MSA: Zahlen;nein;
RAT-K8;Sek I;Zahlen und Operationen;rationale-zahlen;4 Terme und Sachaufgaben;*;4;Ich kann mit Rechenvorteilen geschickt rechnen.;7;7;;MSA: Zahlen;nein;
REE-K1;Sek I;Zahlen und Operationen;reelle-zahlen;1 Irrationale Zahlen und Zahlbereiche;Zahlbereiche und irrationale Zahlen;1;Ich kann rationale und irrationale Zahlen unterscheiden.;9;8–9;P10 ×10;MSA: Zahlen;nein;
REE-K2;Sek I;Zahlen und Operationen;reelle-zahlen;1 Irrationale Zahlen und Zahlbereiche;*;1;Ich kann Dezimalzahlen als Bruch schreiben und Zahlbereiche ordnen.;9;8–9;;MSA: Zahlen;nein;
REE-K3;Sek I;Zahlen und Operationen;reelle-zahlen;2 Potenzgesetze;Potenzgesetze;2;Ich kann mit den Potenzgesetzen rechnen.;9–10;9;;MSA: Zahlen;nein;
REE-K4;Sek I;Zahlen und Operationen;reelle-zahlen;2 Potenzgesetze;*;2;Ich kann Potenzen mit negativem Exponenten als Bruch schreiben.;9–10;9;;MSA: Zahlen;nein;
REE-K5;Sek I;Zahlen und Operationen;reelle-zahlen;3 Wurzelgesetze und rationale Exponenten;Wurzelgesetze und rationale Exponenten;3;Ich kann mit Wurzelgesetzen und rationalen Exponenten rechnen.;9;8–9;P10 ×5;MSA: Zahlen;nein;
REK-K1;Sek II;Analysis;rekonstruktion-von-bestaenden;1 Bestand aus Rate;Bestand aus Rate;1;Ich kann einen Bestand aus seiner Änderungsrate berechnen.;;Q2;Abi GK ×3 · Abi LK ×5;Abitur GK: Analysis II;nein;
REK-K2;Sek II;Analysis;rekonstruktion-von-bestaenden;1 Bestand aus Rate;*;1;Ich kann bestimmen, wann der Bestand wieder so groß ist wie zu Beginn.;;Q2;Abi LK ×1;Abitur GK: Analysis II;nein;
REK-K3;Sek II;Analysis;rekonstruktion-von-bestaenden;2 Rate und Bestand als Paar;Rate und Bestand als Paar;2;Ich kann am Vorzeichen der Rate sagen, ob der Bestand wächst.;;Q2;Abi GK ×2 · Abi LK ×2;Abitur GK: Analysis II;nein;
REK-K4;Sek II;Analysis;rekonstruktion-von-bestaenden;2 Rate und Bestand als Paar;*;2;Ich kann den Zeitraum bestimmen, in dem ein Bestand abnimmt.;;Q2;Abi LK ×1;Abitur GK: Analysis II;nein;
REK-K5;Sek II;Analysis;rekonstruktion-von-bestaenden;3 Am Ratengraphen;Am Ratengraphen;3;Ich kann am Graphen der Rate Bestandsänderungen ablesen.;;Q2;Abi GK ×2 · Abi LK ×1;Abitur GK: Analysis II;nein;
REF-K1;Sek II;Analysis;rekonstruktion-von-funktionsgleichungen;1 Ansatz und Punktbedingungen;Ansatz und Punktbedingungen;1;Ich kann eine Funktionsgleichung aus Punkten bestimmen.;;Q1;Abi GK ×1 · Abi LK ×4 · FHR ×7;Abitur GK: Analysis II;nein;
REF-K2;Sek II;Analysis;rekonstruktion-von-funktionsgleichungen;2 Bedingungen mit Ableitung;Bedingungen mit Ableitung;2;Ich kann eine Funktionsgleichung aus Bedingungen mit Ableitung bestimmen.;;Q1;Abi GK ×7 · Abi LK ×4 · FHR ×1;Abitur GK: Analysis II;nein;
REF-K3;Sek II;Analysis;rekonstruktion-von-funktionsgleichungen;2 Bedingungen mit Ableitung;*;2;Ich kann Parameter einer Exponentialfunktion bestimmen.;;Q1;Abi GK ×1;Abitur GK: Analysis II;nein;
REF-K4;Sek II;Analysis;rekonstruktion-von-funktionsgleichungen;3 Sonderansätze und Modellkritik;Sonderansätze und Modellkritik;3;Ich kann besondere Ansätze wählen und ein Modell beurteilen.;;Q1;Abi GK ×1 · Abi LK ×2;Abitur GK: Analysis II;nein;
REF-K5;Sek II;Analysis;rekonstruktion-von-funktionsgleichungen;3 Sonderansätze und Modellkritik;*;3;Ich kann begründen, ob es eine Funktion zu vorgegebenen Bedingungen gibt.;;Q1;Abi GK ×1 · Abi LK ×2;Abitur GK: Analysis II;nein;
ROT-K1;Sek II;Analysis;rotationsvolumen;1 Die Volumenformel;Die Volumenformel;1;Ich kann das Volumen eines Rotationskörpers berechnen.;;Q2;Abi LK ×2 · FHR ×3;Abitur GK: Analysis II;nein;
ROT-K2;Sek II;Analysis;rotationsvolumen;2 Um den Körper herum;Um den Körper herum;2;Ich kann die Volumenformel an einem Rotationskörper begründen.;;Q2;Abi LK ×5;Abitur GK: Analysis II;nein;
SCH-K1;Sek II;Analytische Geometrie;scharen-von-geraden-und-ebenen;1 Die Schar als Familie;Die Schar als Familie;1;Ich kann gemeinsame Punkte einer Geraden- oder Ebenenschar bestimmen.;;Q3;Abi GK ×1 · Abi LK ×4;Abitur GK: Geometrie;nein;
SCH-K2;Sek II;Analytische Geometrie;scharen-von-geraden-und-ebenen;2 Parameter aus Lagebedingungen;Parameter aus Lagebedingungen;2;Ich kann einen Scharparameter aus einer Lagebedingung bestimmen.;;Q3;Abi LK ×5;Abitur GK: Geometrie;nein;
SCH-K3;Sek II;Analytische Geometrie;scharen-von-geraden-und-ebenen;3 Parameter aus Maßbedingungen;Parameter aus Maßbedingungen;3;Ich kann einen Scharparameter aus einem Winkel oder Abstand bestimmen.;;Q3;Abi LK ×5;Abitur GK: Geometrie;nein;
SCH-K4;Sek II;Analytische Geometrie;scharen-von-geraden-und-ebenen;4 Scharen am Körper;Scharen am Körper;4;Ich kann Scharen am Körper deuten.;;Q3;Abi LK ×6;Abitur GK: Geometrie;nein;
SNI-K1;Sek II;Analytische Geometrie;schnittmengen;1 Schnittpunkt von Gerade und Ebene;Schnittpunkt von Gerade und Ebene;1;Ich kann den Schnittpunkt von Gerade und Ebene berechnen.;;Q3;Abi GK ×4 · Abi LK ×5;Abitur GK: Geometrie;nein;
SNI-K2;Sek II;Analytische Geometrie;schnittmengen;1 Schnittpunkt von Gerade und Ebene;*;1;Ich kann mit Schattenpunkten Höhen berechnen.;;Q3;Abi LK ×1;Abitur GK: Geometrie;nein;
SNI-K3;Sek II;Analytische Geometrie;schnittmengen;2 Schnittpunkt zweier Geraden;Schnittpunkt zweier Geraden;2;Ich kann den Schnittpunkt zweier Geraden berechnen.;;Q3;Abi GK ×3 · Abi LK ×1;Abitur GK: Geometrie;nein;
SNI-K4;Sek II;Analytische Geometrie;schnittmengen;2 Schnittpunkt zweier Geraden;*;2;Ich kann den Schattenpunkt auf einer Kante berechnen.;;Q3;Abi GK ×1;Abitur GK: Geometrie;nein;
SNI-K5;Sek II;Analytische Geometrie;schnittmengen;3 Spuren, Schnittgeraden und Schnittfiguren;Spuren, Schnittgeraden und Schnittfiguren;3;Ich kann Spurpunkte und Schnittgeraden bestimmen.;;Q3;Abi GK ×3 · Abi LK ×3;Abitur GK: Geometrie;nein;
SKA-K1;Sek II;Analytische Geometrie;skalarprodukt-und-winkel;1 Das Skalarprodukt als Objekt;Das Skalarprodukt als Objekt;1;Ich kann das Skalarprodukt berechnen und deuten.;;Q3;Abi GK ×2 · Abi LK ×2;Abitur GK: Geometrie;nein;
SKA-K2;Sek II;Analytische Geometrie;skalarprodukt-und-winkel;2 Winkel zwischen Vektoren, Kanten und Geraden;Winkel zwischen Vektoren, Kanten und Geraden;2;Ich kann Winkel zwischen Vektoren und Geraden berechnen.;;Q3;Abi GK ×4 · Abi LK ×4;Abitur GK: Geometrie;nein;
SKA-K3;Sek II;Analytische Geometrie;skalarprodukt-und-winkel;3 Neigungswinkel von Ebenen;Neigungswinkel von Ebenen;3;Ich kann den Neigungswinkel zweier Ebenen berechnen.;;Q3;Abi GK ×8 · Abi LK ×6;Abitur GK: Geometrie;nein;
SKA-K4;Sek II;Analytische Geometrie;skalarprodukt-und-winkel;4 Winkel von Geraden gegen Ebenen und Bogenmaße;Winkel gegen Ebenen und Bogenmaße;4;Ich kann den Winkel zwischen Gerade und Ebene berechnen.;;Q3;Abi GK ×1 · Abi LK ×3;Abitur GK: Geometrie;nein;
SPI-K1;Sek II;Analytische Geometrie;spiegelung;1 Punkte spiegeln;Punkte spiegeln;1;Ich kann Punkte im Raum spiegeln.;;Q3;Abi GK ×2 · Abi LK ×3;Abitur GK: Geometrie;nein;
SPI-K2;Sek II;Analytische Geometrie;spiegelung;2 Spiegelebene und Spiegelgerade bestimmen;Spiegelebene und Spiegelgerade;2;Ich kann Spiegelebene und Spiegelgerade bestimmen.;;Q3;Abi GK ×1 · Abi LK ×4;Abitur GK: Geometrie;nein;
SPI-K3;Sek II;Analytische Geometrie;spiegelung;3 Symmetrieebenen von Körpern;Symmetrieebenen von Körpern;3;Ich kann Symmetrieebenen von Körpern bestimmen.;;Q3;Abi GK ×4 · Abi LK ×5;Abitur GK: Geometrie;nein;
STA-K1;Sek II;Analysis;stammfunktion-und-hauptsatz;1 Stammfunktion;Stammfunktion;1;Ich kann eine Stammfunktion bilden.;;Q2;Abi GK ×8 · Abi LK ×5;Abitur GK: Analysis II;nein;
STA-K2;Sek II;Analysis;stammfunktion-und-hauptsatz;2 Hauptsatz;Hauptsatz;2;Ich kann ein Integral mit dem Hauptsatz berechnen.;;Q2;Abi GK ×6 · Abi LK ×2;Abitur GK: Analysis II;nein;
STA-K3;Sek II;Analysis;stammfunktion-und-hauptsatz;2 Hauptsatz;*;2;Ich kann eine Kurvenlänge über eine vorgegebene Formel berechnen.;;Q2;Abi LK ×2;Abitur GK: Analysis II;nein;
STA-K4;Sek II;Analysis;stammfunktion-und-hauptsatz;3 Der Graphenblick;Der Graphenblick;3;Ich kann den Graphen einer Stammfunktion skizzieren.;;Q2;Abi GK ×6 · Abi LK ×5;Abitur GK: Analysis II;nein;
STA-K5;Sek II;Analysis;stammfunktion-und-hauptsatz;4 Integralfunktion;Integralfunktion;4;Ich kann mit Integralfunktionen arbeiten.;;Q2;Abi LK ×2;Abitur GK: Analysis II;nein;
STA-K6;Sek II;Analysis;stammfunktion-und-hauptsatz;4 Integralfunktion;*;4;Ich kann Integralfunktionen mit verschiedenen Grenzen vergleichen.;;Q2;Abi LK ×1;Abitur GK: Analysis II;nein;
STR-K1;Sek I;Größen und Messen, Raum und Form;strahlensaetze;1 Maßstab;Maßstab umrechnen;1;Ich kann mit einem Maßstab umrechnen.;5;5–8;P10 ×3;MSA: Geometrie;nein;
STR-K2;Sek I;Größen und Messen, Raum und Form;strahlensaetze;1 Maßstab;Maßstabsgerecht zeichnen;1;Ich kann maßstabsgerecht zeichnen.;5;5–8;P10 ×1;MSA: Geometrie;nein;
STR-K3;Sek I;Größen und Messen, Raum und Form;strahlensaetze;2 Zentrische Streckung und Ähnlichkeit;Zentrische Streckung und Ähnlichkeit;2;Ich kann Figuren zentrisch strecken.;8–9;7–9;;MSA: Geometrie;nein;
STR-K4;Sek I;Größen und Messen, Raum und Form;strahlensaetze;2 Zentrische Streckung und Ähnlichkeit;*;2;Ich kann das Streckzentrum aus Original und Bild finden.;8–9;7–9;;MSA: Geometrie;nein;
STR-K5;Sek I;Größen und Messen, Raum und Form;strahlensaetze;3 Strahlensätze;Strahlensätze;3;Ich kann Strecken mit den Strahlensätzen berechnen.;9;9;;MSA: Geometrie;nein;
STR-K6;Sek I;Größen und Messen, Raum und Form;strahlensaetze;3 Strahlensätze;*;3;Ich kann die Voraussetzung der Strahlensätze prüfen und Strecken teilen.;9;9;;MSA: Geometrie;nein;
SYM-K1;Sek I;Raum und Form;symmetrie-abbildungen;1 Koordinatensystem;Punkte und Figuren im Koordinatensystem;1;Ich kann Punkte und Figuren ins Koordinatensystem eintragen.;5;5;P10 ×1;MSA: Geometrie;nein;
SYM-K2;Sek I;Raum und Form;symmetrie-abbildungen;1 Koordinatensystem;*;1;Ich kann Koordinaten lesen und schreiben und Strecken abzählen.;5;5;;MSA: Geometrie;nein;
SYM-K3;Sek I;Raum und Form;symmetrie-abbildungen;2 Achsensymmetrie und Spiegeln;Symmetrieachsen bestimmen;2;Ich kann Symmetrieachsen einzeichnen.;5–8;5;P10 ×3;MSA: Geometrie;nein;
SYM-K4;Sek I;Raum und Form;symmetrie-abbildungen;2 Achsensymmetrie und Spiegeln;Spiegeln und Spiegelbild benennen;2;Ich kann Punkte und Figuren an einer Achse spiegeln.;5–8;5;P10 ×1;MSA: Geometrie;nein;
SYM-K5;Sek I;Raum und Form;symmetrie-abbildungen;2 Achsensymmetrie und Spiegeln;*;2;Ich kann Symmetrie bei Vierecken prüfen.;5–8;5;;MSA: Geometrie;nein;
SYM-K6;Sek I;Raum und Form;symmetrie-abbildungen;3 Punktsymmetrie, Drehung, Verschiebung;Drehen, Verschieben, Punktsymmetrie;3;Ich kann Figuren drehen und verschieben.;5–8;5;;MSA: Geometrie;nein;
SYM-K7;Sek I;Raum und Form;symmetrie-abbildungen;3 Punktsymmetrie, Drehung, Verschiebung;*;3;Ich kann Drehsymmetrie und Kongruenz erkennen.;5–8;5;;MSA: Geometrie;nein;
TAN-K1;Sek II;Analysis;tangente-normale-schnittwinkel;1 Tangentengleichung im Punkt;Tangentengleichung;1;Ich kann die Gleichung einer Tangente aufstellen.;;Q1;Abi GK ×8 · Abi LK ×5 · FHR ×7;Abitur GK: Analysis I;nein;
TAN-K2;Sek II;Analysis;tangente-normale-schnittwinkel;1 Tangentengleichung im Punkt;*;1;Ich kann besondere Tangenten bestimmen.;;Q1;Abi LK ×2;Abitur GK: Analysis I;nein;
TAN-K3;Sek II;Analysis;tangente-normale-schnittwinkel;2 Tangente als Berührung;Berührung nachweisen;2;Ich kann nachweisen, dass eine Gerade einen Graphen berührt.;;Q1;Abi GK ×9 · Abi LK ×3 · FHR ×6;Abitur GK: Analysis I;nein;
TAN-K4;Sek II;Analysis;tangente-normale-schnittwinkel;2 Tangente als Berührung;*;2;Ich kann Berührpunkte und Steigungen im Sachzusammenhang bestimmen.;;Q1;Abi LK ×2;Abitur GK: Analysis I;nein;
TAN-K5;Sek II;Analysis;tangente-normale-schnittwinkel;3 Normale;Normale;3;Ich kann die Gleichung einer Normalen aufstellen.;;Q1;Abi LK ×3 · FHR ×4;Abitur GK: Analysis I;nein;
TAN-K6;Sek II;Analysis;tangente-normale-schnittwinkel;4 Steigungswinkel und Schnittwinkel;Winkel;4;Ich kann Steigungswinkel und Schnittwinkel berechnen.;;Q1;Abi GK ×8 · Abi LK ×5;Abitur GK: Analysis I;nein;
TAN-K7;Sek II;Analysis;tangente-normale-schnittwinkel;4 Steigungswinkel und Schnittwinkel;*;4;Ich kann Steigungswinkel im Sachzusammenhang deuten.;;Q1;Abi LK ×1;Abitur GK: Analysis I;nein;
TAN-K8;Sek II;Analysis;tangente-normale-schnittwinkel;5 Dreiecke und Figuren aus Tangente, Normale und Achsen;Dreiecke und Figuren;5;Ich kann Dreiecke aus Tangenten und Achsen berechnen.;;Q1;Abi GK ×9 · Abi LK ×4 · FHR ×4;Abitur GK: Analysis I;nein;
TER-K1;Sek I;Gleichungen und Funktionen;terme;1 Terme aufstellen und berechnen;Term aufstellen;1;Ich kann einen Term aufstellen.;6–7;6–7;P10 ×5;MSA: Zahlen;nein;
TER-K2;Sek I;Gleichungen und Funktionen;terme;1 Terme aufstellen und berechnen;*;1;Ich kann Termwerte berechnen und Terme deuten.;6–7;6–7;;MSA: Zahlen;nein;
TER-K3;Sek I;Gleichungen und Funktionen;terme;2 Terme zusammenfassen;Zusammenfassen;2;Ich kann Terme zusammenfassen.;7–8;7;P10 ×1;MSA: Zahlen;nein;
TER-K4;Sek I;Gleichungen und Funktionen;terme;2 Terme zusammenfassen;Malnehmen;2;Ich kann Terme malnehmen.;7–8;7;;MSA: Zahlen;nein;
TER-K5;Sek I;Gleichungen und Funktionen;terme;3 Klammern auflösen;Klammern;3;Ich kann Klammern auflösen.;7–8;7–8;;MSA: Zahlen;nein;
TER-K6;Sek I;Gleichungen und Funktionen;terme;4 Ausklammern;Ausklammern;4;Ich kann ausklammern.;8;7–8;;MSA: Zahlen;nein;
TRI-K2;Sek I;Größen und Messen;trigonometrie;1 Seite berechnen mit Sinus, Kosinus und Tangens;Seite berechnen;1;Ich kann Seiten mit sin, cos und tan berechnen.;10;9–10;P10 ×11;MSA: Geometrie;nein;
TRI-K3;Sek I;Größen und Messen;trigonometrie;1 Seite berechnen mit Sinus, Kosinus und Tangens;*;1;Ich kann Seiten vom Winkel aus benennen und Ergebnisse prüfen.;10;9–10;;MSA: Geometrie;nein;
TRI-K4;Sek I;Größen und Messen;trigonometrie;2 Winkel berechnen;Winkel berechnen;2;Ich kann Winkel mit sin, cos und tan berechnen.;10;9–10;P10 ×9;MSA: Geometrie;nein;
TRI-K5;Sek I;Größen und Messen;trigonometrie;2 Winkel berechnen;*;2;Ich kann Winkel prüfen und die Umkehrtaste benutzen.;10;9–10;;MSA: Geometrie;nein;
TRI-K6;Sek I;Größen und Messen;trigonometrie;3 Rechtwinklige Teildreiecke in Figuren und Vermessung;Teildreiecke und Vermessung;3;Ich kann in Teildreiecken und bei Vermessungen rechnen.;10;9–10;P10 ×12;MSA: Geometrie;nein;
TRI-K7;Sek I;Größen und Messen;trigonometrie;3 Rechtwinklige Teildreiecke in Figuren und Vermessung;*;3;Ich kann Strecken aus Teilstrecken berechnen.;10;9–10;;MSA: Geometrie;nein;
TRI-K1;Sek I;Größen und Messen;trigonometrie;4 Sinussatz;Sinussatz;4;Ich kann Seiten und Winkel mit dem Sinussatz berechnen.;10;9–10;P10 ×9;MSA: Geometrie;ja;bau/kompetenz/TRI-K1/TRI-K1.pdf
TRF-K1;Sek I;Gleichungen und Funktionen;trigonometrische-funktionen;1 Einheitskreis und Bogenmaß;Einheitskreis und Bogenmaß;1;Ich kann mit Einheitskreis und Bogenmaß umgehen.;10;10;P10 ×9;MSA: Funktionen;nein;
TRF-K2;Sek I;Gleichungen und Funktionen;trigonometrische-funktionen;2 Sinus- und Kosinusfunktion und ihre Merkmale;Sinus- und Kosinusfunktion;2;Ich kann Sinus- und Kosinusfunktion zeichnen.;10;10;;MSA: Funktionen;nein;
TRF-K3;Sek I;Gleichungen und Funktionen;trigonometrische-funktionen;3 Parameter und Transformationen;Parameter und Transformationen;3;Ich kann Amplitude und Periode an Sinusfunktionen ablesen und ändern.;10;10;;MSA: Funktionen;nein;
TRF-K4;Sek I;Gleichungen und Funktionen;trigonometrische-funktionen;3 Parameter und Transformationen;*;3;Ich kann Sinusgraphen mit verschiedenen Parametern vergleichen.;10;10;;MSA: Funktionen;nein;
TRF-K5;Sek I;Gleichungen und Funktionen;trigonometrische-funktionen;4 Periodische Vorgänge modellieren;Periodische Vorgänge modellieren;4;Ich kann periodische Vorgänge mit Sinusfunktionen beschreiben.;10;10;P10 ×2;MSA: Funktionen;nein;
UMK-K1;Sek II;Analysis;umkehrfunktion;1 Umkehrbarkeit, Bereiche und Term;Umkehrbarkeit, Bereiche und Term;1;Ich kann den Term einer Umkehrfunktion bestimmen.;;Q2;Abi LK ×2;Abitur GK: Analysis II;nein;
UMK-K2;Sek II;Analysis;umkehrfunktion;1 Umkehrbarkeit, Bereiche und Term;*;1;Ich kann eine Umkehrfunktion im Sachzusammenhang aufstellen.;;Q2;Abi LK ×1;Abitur GK: Analysis II;nein;
UMK-K3;Sek II;Analysis;umkehrfunktion;2 Spiegelung an der Winkelhalbierenden;Spiegelung an der Winkelhalbierenden;2;Ich kann den Graphen der Umkehrfunktion spiegeln.;;Q2;Abi LK ×2;Abitur GK: Analysis II;nein;
UNA-K1;Sek II;Stochastik;unabhaengigkeit;1 Unabhängigkeit prüfen;Unabhängigkeit prüfen;1;Ich kann prüfen, ob zwei Ereignisse unabhängig sind.;;Q2;Abi GK ×4 · Abi LK ×3 · FHR ×3;Abitur GK: Stochastik;nein;
UNA-K2;Sek II;Stochastik;unabhaengigkeit;2 Rückwärts;Rückwärts;2;Ich kann Werte so bestimmen, dass Ereignisse unabhängig sind.;;Q2;Abi LK ×4;Abitur GK: Stochastik;nein;
UNA-K3;Sek II;Stochastik;unabhaengigkeit;3 Unabhängigkeit als Argument;Als Argument;3;Ich kann mit Unabhängigkeit argumentieren.;;Q2;Abi GK ×1 · Abi LK ×1;Abitur GK: Stochastik;nein;
UNE-K1;Sek II;Analysis;uneigentliche-integrale;1 Der Begriff;Der Begriff;1;Ich kann ein uneigentliches Integral berechnen.;;Q2;Abi LK ×1;Abitur GK: Analysis II;nein;
UNE-K2;Sek II;Analysis;uneigentliche-integrale;2 Die Näherungsdeutung;Die Näherungsdeutung;2;Ich kann ein uneigentliches Integral als Fläche deuten.;;Q2;Abi LK ×1;Abitur GK: Analysis II;nein;
VEK-K1;Sek II;Analytische Geometrie;vektoren-und-rechenoperationen;1 Vektorbegriff, Betrag und Kollinearität;Vektorbegriff und Betrag;1;Ich kann Vektoren bilden und ihren Betrag berechnen.;;Q3;Abi GK ×2 · Abi LK ×2;Abitur GK: Geometrie;nein;
VEK-K2;Sek II;Analytische Geometrie;vektoren-und-rechenoperationen;2 Vektorterme am Körper;Vektorterme am Körper;2;Ich kann Vektorterme am Körper aufstellen.;;Q3;Abi GK ×4 · Abi LK ×5;Abitur GK: Geometrie;nein;
VEK-K3;Sek II;Analytische Geometrie;vektoren-und-rechenoperationen;3 Skalarprodukt im Sachzusammenhang;Skalarprodukt im Sachzusammenhang;3;Ich kann das Skalarprodukt im Sachzusammenhang anwenden.;;Q3;Abi GK ×1;Abitur GK: Geometrie;nein;
VIE-K1;Sek II;Stochastik;vierfeldertafel;1 Die Tafel füllen;Die Tafel füllen;1;Ich kann eine Vierfeldertafel ausfüllen.;;Q2;Abi GK ×7 · Abi LK ×7;Abitur GK: Stochastik;nein;
VIE-K2;Sek II;Stochastik;vierfeldertafel;2 Aus der Tafel rechnen;Aus der Tafel rechnen;2;Ich kann aus einer Vierfeldertafel Wahrscheinlichkeiten berechnen.;;Q2;Abi GK ×3 · Abi LK ×1;Abitur GK: Stochastik;nein;
WAH-K1;Sek I;Daten und Zufall;wahrscheinlichkeit;1 Zählen und Ergebnismengen;Zählen;1;Ich kann Möglichkeiten zählen.;5–10;6–10;P10 ×6;MSA: Daten;nein;
WAH-K2;Sek I;Daten und Zufall;wahrscheinlichkeit;1 Zählen und Ergebnismengen;*;1;Ich kann Ergebnisse zu „mindestens einmal“ aufzählen.;5–10;6–10;;MSA: Daten;nein;
WAH-K3;Sek I;Daten und Zufall;wahrscheinlichkeit;2 Wahrscheinlichkeit einstufig;Einstufig;2;Ich kann Wahrscheinlichkeiten einstufiger Zufallsversuche angeben.;6–7;6–8;P10 ×9;MSA: Daten;nein;
WAH-K4;Sek I;Daten und Zufall;wahrscheinlichkeit;2 Wahrscheinlichkeit einstufig;*;2;Ich kann Wahrscheinlichkeiten vergleichen und erwartete Anzahlen angeben.;6–7;6–8;P10 ×8;MSA: Daten;nein;
WAH-K5;Sek I;Daten und Zufall;wahrscheinlichkeit;3 Baumdiagramm und Pfadregeln;Mit Zurücklegen;3;Ich kann Wahrscheinlichkeiten beim Ziehen mit Zurücklegen berechnen.;8–10;8–10;P10 ×8;MSA: Daten;nein;
WAH-K6;Sek I;Daten und Zufall;wahrscheinlichkeit;4 Ohne Zurücklegen;Ohne Zurücklegen;4;Ich kann Wahrscheinlichkeiten beim Ziehen ohne Zurücklegen berechnen.;10;10;P10 ×8;MSA: Daten;nein;
WIN-K1;Sek I;Raum und Form, Größen und Messen;winkel-dreiecke;1 Winkel messen und zeichnen;Winkel messen;1;Ich kann Winkel messen.;5;5–6;P10 ×7;MSA: Geometrie;nein;
WIN-K2;Sek I;Raum und Form, Größen und Messen;winkel-dreiecke;1 Winkel messen und zeichnen;*;1;Ich kann Winkel schätzen.;5;5–6;;MSA: Geometrie;nein;
WIN-K3;Sek I;Raum und Form, Größen und Messen;winkel-dreiecke;2 Winkel an Geradenkreuzungen und Parallelen;Winkel an Geraden;2;Ich kann Winkel an Geradenkreuzungen bestimmen.;6–7;5–7;P10 ×7;MSA: Geometrie;nein;
WIN-K4;Sek I;Raum und Form, Größen und Messen;winkel-dreiecke;2 Winkel an Geradenkreuzungen und Parallelen;*;2;Ich kann Parallelität an Stufenwinkeln prüfen.;6–7;5–7;;MSA: Geometrie;nein;
WIN-K5;Sek I;Raum und Form, Größen und Messen;winkel-dreiecke;3 Winkelsummen, Dreiecke und Vierecke;Winkelsumme;3;Ich kann Winkel mit der Winkelsumme berechnen.;5;5;P10 ×9;MSA: Geometrie;nein;
WIN-K6;Sek I;Raum und Form, Größen und Messen;winkel-dreiecke;3 Winkelsummen, Dreiecke und Vierecke;*;3;Ich kann die Winkelsumme in Vielecken berechnen.;5;5;;MSA: Geometrie;nein;
WIN-K7;Sek I;Raum und Form, Größen und Messen;winkel-dreiecke;4 Dreiecke konstruieren;Konstruieren;4;Ich kann Dreiecke konstruieren.;6–7;5–7;P10 ×1;MSA: Geometrie;nein;
WIN-K8;Sek I;Raum und Form, Größen und Messen;winkel-dreiecke;4 Dreiecke konstruieren;*;4;Ich kann Dreiecke skizzieren und beschriften.;6–7;5–7;;MSA: Geometrie;nein;
WIN-K9;Sek I;Raum und Form, Größen und Messen;winkel-dreiecke;5 Besondere Linien im Dreieck und Satz des Thales;Besondere Linien;5;Ich kann besondere Linien im Dreieck konstruieren.;6–7;6–8;;MSA: Geometrie;nein;
ZIN-K1;Sek I;Zahlen und Operationen;zinsrechnung;1 Jahreszins, Monats- und Tageszins;Zinsen berechnen;1;Ich kann Jahreszinsen berechnen.;8;7;P10 ×10;MSA: Zahlen;nein;
ZIN-K2;Sek I;Zahlen und Operationen;zinsrechnung;1 Jahreszins, Monats- und Tageszins;Monats- und Tageszinsen;1;Ich kann Monats- und Tageszinsen berechnen.;8;7;;MSA: Zahlen;nein;
ZIN-K3;Sek I;Zahlen und Operationen;zinsrechnung;1 Jahreszins, Monats- und Tageszins;*;1;Ich kann Zinsen überschlagen.;8;7;;MSA: Zahlen;nein;
ZIN-K4;Sek I;Zahlen und Operationen;zinsrechnung;2 Zinseszins und Guthabentabelle;Zinseszins;2;Ich kann mit Zinseszins rechnen.;8–10;7;P10 ×2;MSA: Zahlen;nein;
ZIN-K5;Sek I;Zahlen und Operationen;zinsrechnung;2 Zinseszins und Guthabentabelle;*;2;Ich kann Sparpläne und Kredite mit Zinseszins berechnen.;8–10;7;;MSA: Zahlen;nein;
ZUF-K1;Sek II;Stochastik;zufallsexperimente-und-pfadregeln;1 Ereignisse als Mengen;Ereignisse als Mengen;1;Ich kann Ergebnisse und Ereignisse als Mengen angeben.;;Q2;Abi GK · Abi LK ×1;Abitur GK: Stochastik;nein;
ZUF-K2;Sek II;Stochastik;zufallsexperimente-und-pfadregeln;2 Laplace-Experimente in der Oberstufe;Laplace-Experimente;2;Ich kann Laplace-Wahrscheinlichkeiten berechnen.;;Q2;Abi GK ×1;Abitur GK: Stochastik;nein;
ZUF-K3;Sek II;Stochastik;zufallsexperimente-und-pfadregeln;2 Laplace-Experimente in der Oberstufe;*;2;Ich kann Aussagen über Wahrscheinlichkeiten aus Anzahlen prüfen.;;Q2;;Abitur GK: Stochastik;nein;
ZUF-K4;Sek II;Stochastik;zufallsexperimente-und-pfadregeln;3 Pfadregeln bei unabhängigen Stufen;Pfadregeln bei unabhängigen Stufen;3;Ich kann mit den Pfadregeln rechnen.;;Q2;Abi GK ×2 · Abi LK ×1;Abitur GK: Stochastik;nein;
ZUF-K5;Sek II;Stochastik;zufallsexperimente-und-pfadregeln;3 Pfadregeln bei unabhängigen Stufen;*;3;Ich kann zweistufige Experimente vergleichen.;;Q2;;Abitur GK: Stochastik;nein;
ZUF-K6;Sek II;Stochastik;zufallsexperimente-und-pfadregeln;4 Ziehen ohne Zurücklegen und Umlegen;Ohne Zurücklegen und Umlegen;4;Ich kann Baumdiagramme ohne Zurücklegen berechnen.;;Q2;Abi GK ×1;Abitur GK: Stochastik;nein;
ZUF-K7;Sek II;Stochastik;zufallsexperimente-und-pfadregeln;5 Mammutbäume;Mammutbäume;5;Ich kann große Baumdiagramme geschickt verkürzen.;;Q2;Abi LK ×1;Abitur GK: Stochastik;nein;
ZUF-K8;Sek II;Stochastik;zufallsexperimente-und-pfadregeln;6 Situationsbäume;Situationsbäume;6;Ich kann zu einer Situation ein Baumdiagramm aufstellen.;;Q2;Abi LK ×1;Abitur GK: Stochastik;nein;
ZUF-K9;Sek II;Stochastik;zufallsexperimente-und-pfadregeln;7 Term und Ereignis;Term und Ereignis;7;Ich kann zu einem Term das passende Ereignis angeben.;;Q2;Abi LK ×2;Abitur GK: Stochastik;nein;
ZUF-K10;Sek II;Stochastik;zufallsexperimente-und-pfadregeln;8 Rückwärts;Rückwärts;8;Ich kann fehlende Wahrscheinlichkeiten im Baum rückwärts bestimmen.;;Q2;Abi GK ×1;Abitur GK: Stochastik;nein;
ZUG-K1;Sek II;Stochastik;zufallsgroessen-und-verteilungen;1 Verteilung aufstellen;Verteilung aufstellen;1;Ich kann die Verteilung einer Zufallsgröße aufstellen.;;Q2;Abi GK ×1 · Abi LK ×1;Abitur GK: Stochastik;nein;
ZUG-K2;Sek II;Stochastik;zufallsgroessen-und-verteilungen;2 Verteilung lesen;Verteilung lesen;2;Ich kann eine Verteilung lesen.;;Q2;Abi LK ×1;Abitur GK: Stochastik;nein;
ZUO-K1;Sek I;Gleichungen und Funktionen;zuordnungen;1 Zuordnungen darstellen;Darstellen;1;Ich kann Zuordnungen im Koordinatensystem darstellen.;6;6–7;P10 ×2;MSA: Funktionen;nein;
ZUO-K2;Sek I;Gleichungen und Funktionen;zuordnungen;1 Zuordnungen darstellen;Achseneinteilung;1;Ich kann eine passende Achseneinteilung wählen.;6;6–7;P10 ×2;MSA: Funktionen;nein;
ZUO-K3;Sek I;Gleichungen und Funktionen;zuordnungen;1 Zuordnungen darstellen;*;1;Ich kann aus einer Tabelle eine Formel ablesen.;6;6–7;;MSA: Funktionen;nein;
ZUO-K4;Sek I;Gleichungen und Funktionen;zuordnungen;2 Proportionale Zuordnungen und Dreisatz;Dreisatz proportional;2;Ich kann mit dem Dreisatz bei proportionalen Zuordnungen rechnen.;6;6–7;;MSA: Funktionen;nein;
ZUO-K5;Sek I;Gleichungen und Funktionen;zuordnungen;2 Proportionale Zuordnungen und Dreisatz;*;2;Ich kann den festen Faktor angeben und Ursprungsgeraden zeichnen.;6;6–7;;MSA: Funktionen;nein;
ZUO-K6;Sek I;Gleichungen und Funktionen;zuordnungen;3 Antiproportionale Zuordnungen;Antiproportional;3;Ich kann mit antiproportionalen Zuordnungen rechnen.;7;7;P10 ×1;MSA: Funktionen;nein;
ZUO-K7;Sek I;Gleichungen und Funktionen;zuordnungen;3 Antiproportionale Zuordnungen;*;3;Ich kann Graphen antiproportionaler Zuordnungen lesen.;7;7;;MSA: Funktionen;nein;
ZUO-K8;Sek I;Gleichungen und Funktionen;zuordnungen;4 Zuordnungstypen erkennen und anwenden;Erkennen;4;Ich kann erkennen, ob eine Zuordnung proportional ist.;7;7;;MSA: Funktionen;nein;
ZUO-K9;Sek I;Gleichungen und Funktionen;zuordnungen;4 Zuordnungstypen erkennen und anwenden;Rate;4;Ich kann mit einem Preis je Einheit rechnen.;7;7;P10 ×5;MSA: Funktionen;nein;
ZUO-K10;Sek I;Gleichungen und Funktionen;zuordnungen;4 Zuordnungstypen erkennen und anwenden;*;4;Ich kann Gegenbeispiele für proportionale Zuordnungen angeben.;7;7;;MSA: Funktionen;nein;
