ableitung-und-aenderungsrate-e2-k1-s4-v1;ganz;Stelle zur vorgegebenen Rate über p'(t) = c wie im Original
binomialverteilung-e2-k1-s5-v1;teil;Original verlangt P(A) und P(B), die Zeile übt nur den Wechsel der Trefferdefinition
binomialverteilung-e2-k1-s5-v2;teil;Original verlangt P(A) und P(B), die Zeile übt nur den Wechsel der Trefferdefinition
binomialverteilung-e4-k1-s8-v1;ganz;Aussage über die Abhängigkeit von n allgemein beurteilen wie im Original
ableitung-und-aenderungsrate-e4-k1-s9-v1;ganz;Zeitpunkt größter Ratendifferenz über die Differenzfunktion, der Unterschied dazu verlangt mehr
ableitung-und-aenderungsrate-e4-k1-s9-v2;ganz;Zeitpunkte größter Ratendifferenz über die Differenzfunktion wie im Original
skalarprodukt-und-winkel-e2-k2-s6-v3;ganz;ein Innenwinkel des Trapezes über zwei Kantenvektoren wie im Original
skalarprodukt-und-winkel-e2-k2-s6-v4;ganz;ein Innenwinkel des Trapezes über zwei Kantenvektoren wie im Original
binomialverteilung-e5-k1-s6-v2;teil;Original verlangt Säule eintragen und P(X = 2), die Zeile nur die Differenz kumulierter Werte
binomialverteilung-e4-k1-s9-v7;ganz;p aus einer Gleichung zweier Einzelwahrscheinlichkeiten wie im Original
binomialverteilung-e4-k1-s9-v8;ganz;p aus einer Gleichung zweier Einzelwahrscheinlichkeiten wie im Original
flaecheninhalt-durch-integration-e5-k1-s8-v13;ganz;Grenzen für ein positives Produkt angeben und begründen wie im Original
flaecheninhalt-durch-integration-e5-k1-s8-v14;ganz;Grenzen für ein positives Produkt angeben und begründen wie im Original
zufallsexperimente-und-pfadregeln-e2-k1-s8-v3;ganz;Laplace-Term nach Hinzufügen von Kugeln als Anteil begründen wie im Original
zufallsexperimente-und-pfadregeln-e2-k1-s8-v4;ganz;Laplace-Term nach Hinzufügen von Kugeln als Anteil begründen wie im Original
flaecheninhalt-durch-integration-e3-k1-s6-v10;ganz;Aufgabenstellung formulieren und beide Integrale deuten wie im Original
flaecheninhalt-durch-integration-e3-k1-s6-v9;ganz;Aufgabenstellung formulieren und beide Integrale deuten wie im Original
binomialverteilung-e3-k2-s3-v1;ganz;kumulierte Wahrscheinlichkeit für mindestens k über das Gegenereignis wie im Original
binomialverteilung-e3-k2-s9-v10;ganz;Einzelwahrscheinlichkeit als p einer zweiten Binomialverteilung wie im Original
binomialverteilung-e3-k2-s9-v9;ganz;Einzelwahrscheinlichkeit als p einer zweiten Binomialverteilung wie im Original
binomialverteilung-e5-k1-s7-v1;ganz;symmetrisches Intervall aus einem Randwert über die Symmetrie wie im Original
binomialverteilung-e5-k1-s7-v2;ganz;symmetrisches Intervall aus einem Randwert über die Symmetrie wie im Original
binomialverteilung-e5-k1-s8-v10;ganz;beide Aussagen am Säulendiagramm beurteilen wie im Original
binomialverteilung-e5-k1-s8-v9;ganz;beide Aussagen am Säulendiagramm beurteilen wie im Original
binomialverteilung-e4-k1-s7-v1;ganz;p auf ganze Prozent durch Probieren am Rechner wie im Original
flaecheninhalt-durch-integration-e3-k1-s6-v11;ganz;Sehne statt Graph: größer, kleiner oder gleich mit Rechnung wie im Original
flaecheninhalt-durch-integration-e3-k1-s6-v12;ganz;Sehne statt Graph: größer, kleiner oder gleich mit Rechnung wie im Original
binomialverteilung-e3-k2-s3-v2;ganz;kumulierte Wahrscheinlichkeit für mehr als k über das Gegenereignis wie im Original
binomialverteilung-e4-k1-s7-v2;ganz;n zu einer vorgegebenen Einzelwahrscheinlichkeit durch Probieren wie im Original
ableitung-und-aenderungsrate-e4-k1-s2-v2;ganz;Zeitpunkt des Maximums über die Nullstellen der Ableitung und Auswahl an der Abbildung wie im Original
ableitung-und-aenderungsrate-e4-k1-s2-v3;ganz;Zeitpunkt des Maximums über die Nullstellen der Ableitung und Auswahl an der Abbildung wie im Original
binomialverteilung-e4-k1-s5-v1;ganz;kleinster Radius einer symmetrischen Umgebung um den Erwartungswert wie im Original
binomialverteilung-e4-k1-s5-v2;ganz;kleinster Radius einer symmetrischen Umgebung um den Erwartungswert wie im Original
binomialverteilung-e3-k2-s9-v11;ganz;zweistufiger Prüfplan über zwei Binomialwahrscheinlichkeiten wie im Original
binomialverteilung-e3-k2-s9-v12;ganz;zweistufiger Prüfplan über zwei Binomialwahrscheinlichkeiten wie im Original
zufallsexperimente-und-pfadregeln-e1-k1-s7-v3;ganz;Schnitt aus Randanteilen und Anteil ohne beide Merkmale nachweisen, ein Ergebnis wie im Original
zufallsexperimente-und-pfadregeln-e1-k1-s7-v4;ganz;Schnitt aus Randanteilen und Anteil ohne beide Merkmale nachweisen, ein Ergebnis wie im Original
binomialverteilung-e1-k1-s3-v1;ganz;genau ein Treffer bei zwei Versuchen über zwei Pfade wie im Original
binomialverteilung-e1-k1-s3-v2;ganz;genau ein Treffer bei zwei Versuchen über zwei Pfade wie im Original
ableitung-und-aenderungsrate-e4-k1-s8-v1;ganz;Eignung des Modells über das Vorzeichen hinter der Nullstelle begründen wie im Original
ableitung-und-aenderungsrate-e4-k1-s8-v2;ganz;Eignung des Modells über das Vorzeichen begründen, den Zeitpunkt dazu verlangt mehr
binomialverteilung-e5-k1-s5-v2;ganz;Verteilung der Gegenzufallsgröße als gespiegeltes Diagramm zeichnen wie im Original
ebenen-e2-k1-s2-v2;unklar;nur der letzte Schritt (d aus einem Punkt) der einen Leistung Koordinatengleichung, Normalenvektor ist vorgegeben
tangente-normale-schnittwinkel-e4-k1-s10-v6;ganz;Steigungswinkel der Tangente und Prüfung der Schnittwinkel-Aussage wie im Original
ableitung-und-aenderungsrate-e1-k1-s2-v2;ganz;mittlere Änderungsrate aus abgelesenen Werten am Graphen wie im Original
binomialverteilung-e5-k1-s3-v1;ganz;Aussage zur Stelle des Maximums über den Erwartungswert beurteilen wie im Original
binomialverteilung-e5-k1-s3-v2;ganz;Aussage zur Stelle des Maximums über den Erwartungswert beurteilen wie im Original
flaecheninhalt-durch-integration-e2-k1-s7-v7;ganz;beide Schritte deuten und die Parameterungleichung untersuchen wie im Original
flaecheninhalt-durch-integration-e2-k1-s7-v8;ganz;beide Schritte deuten und die Parameterungleichung untersuchen wie im Original
binomialverteilung-e2-k1-s8-v1;ganz;Einzelwahrscheinlichkeit bei großem n mit dem Rechner wie im Original
binomialverteilung-e2-k1-s8-v2;ganz;Einzelwahrscheinlichkeit bei großem n mit dem Rechner wie im Original
flaecheninhalt-durch-integration-e3-k1-s6-v13;ganz;Flächeninhalt mit vorgegebener Stammfunktion auf Zehntel wie im Original
flaecheninhalt-durch-integration-e3-k1-s6-v14;ganz;Flächeninhalt mit vorgegebener Stammfunktion auf Zehntel wie im Original
tangente-normale-schnittwinkel-e3-k1-s6-v1;ganz;Mittelpunkt des berührenden Kreises über die Normale im Berührpunkt wie im Original
flaecheninhalt-durch-integration-e2-k1-s7-v5;ganz;Flächenterm in der variablen Grenze nachweisen wie im Original
flaecheninhalt-durch-integration-e2-k1-s7-v6;ganz;Flächenterm in der variablen Grenze nachweisen wie im Original
binomialverteilung-e5-k1-s5-v1;unklar;Original verlangt eine Erläuterung des Vorgehens, die Zeile nur das Ablesen des Werts
ebenen-e2-k1-s5-v2;ganz;Koordinatengleichung aus drei Achsenpunkten, die Achsenabschnittsform ist im Original als Weg genannt
flaecheninhalt-durch-integration-e4-k1-s6-v5;ganz;eindeutige Lösung der Flächengleichung über die Monotonie ohne Stammfunktion wie im Original
flaecheninhalt-durch-integration-e4-k1-s6-v6;ganz;eindeutige Lösung der Flächengleichung über die Monotonie ohne Stammfunktion wie im Original
ableitung-und-aenderungsrate-e4-k1-s7-v3;ganz;Länge des Zeitraums mit Mindestrate über die Lösungen von s'(t) = c wie im Original
flaecheninhalt-durch-integration-e3-k1-s6-v7;ganz;Aufgabenstellung formulieren und den Lösungsweg erläutern wie im Original
flaecheninhalt-durch-integration-e3-k1-s6-v8;ganz;Aufgabenstellung formulieren und den Lösungsweg erläutern wie im Original
