id;voll_cm
bruchrechnung-basis-k1-v1;1.37
bruchrechnung-basis-k1-v2;0.92
bruchrechnung-basis-k1-v3;1.37
bruchrechnung-basis-k1-v4;0.92
bruchrechnung-basis-k1-v5;1.37
bruchrechnung-basis-k1-v6;0.92
bruchrechnung-basis-k1-v7;1.37
bruchrechnung-basis-k1-v8;0.92
bruchrechnung-basis-k1-v9;1.37
bruchrechnung-basis-k1-v10;0.92
brueche-dezimalzahlen-basis-k1-v1;2.94
brueche-dezimalzahlen-basis-k1-v2;2.94
brueche-dezimalzahlen-basis-k1-v3;2.94
brueche-dezimalzahlen-basis-k1-v4;2.94
brueche-dezimalzahlen-basis-k1-v5;2.94
brueche-dezimalzahlen-basis-k1-v6;2.94
brueche-dezimalzahlen-basis-k1-v7;2.94
brueche-dezimalzahlen-basis-k1-v8;2.94
brueche-dezimalzahlen-basis-k1-v9;2.94
brueche-dezimalzahlen-basis-k1-v10;2.97
brueche-dezimalzahlen-basis-k1-v11;1.44
brueche-dezimalzahlen-basis-k1-v12;2.24
brueche-dezimalzahlen-basis-k1-v13;1.44
brueche-dezimalzahlen-basis-k1-v14;2.24
brueche-dezimalzahlen-basis-k1-v15;1.44
brueche-dezimalzahlen-basis-k1-v16;2.24
brueche-dezimalzahlen-basis-k1-v17;1.44
brueche-dezimalzahlen-basis-k1-v18;2.25
brueche-dezimalzahlen-basis-k1-v19;1.44
brueche-dezimalzahlen-basis-k1-v20;2.24
brueche-dezimalzahlen-basis-k2-v1;0.59
brueche-dezimalzahlen-basis-k2-v2;0.59
brueche-dezimalzahlen-basis-k2-v3;0.59
brueche-dezimalzahlen-basis-k2-v4;0.59
brueche-dezimalzahlen-basis-k2-v5;0.59
brueche-dezimalzahlen-basis-k2-v6;0.59
brueche-dezimalzahlen-basis-k2-v7;0.59
brueche-dezimalzahlen-basis-k2-v8;0.59
brueche-dezimalzahlen-basis-k2-v9;0.59
brueche-dezimalzahlen-basis-k2-v10;0.59
brueche-dezimalzahlen-basis-k3-v1;0.50
brueche-dezimalzahlen-basis-k3-v2;0.50
brueche-dezimalzahlen-basis-k3-v3;0.50
brueche-dezimalzahlen-basis-k3-v4;0.50
brueche-dezimalzahlen-basis-k3-v5;0.50
brueche-dezimalzahlen-basis-k3-v6;0.50
brueche-dezimalzahlen-basis-k3-v7;0.50
brueche-dezimalzahlen-basis-k3-v8;0.50
brueche-dezimalzahlen-basis-k3-v9;0.50
brueche-dezimalzahlen-basis-k3-v10;0.50
brueche-dezimalzahlen-basis-k4-v1;0.53
brueche-dezimalzahlen-basis-k4-v2;0.53
brueche-dezimalzahlen-basis-k4-v3;0.59
brueche-dezimalzahlen-basis-k4-v4;0.59
brueche-dezimalzahlen-basis-k4-v5;0.53
brueche-dezimalzahlen-basis-k4-v6;0.59
brueche-dezimalzahlen-basis-k4-v7;0.59
brueche-dezimalzahlen-basis-k4-v8;0.53
brueche-dezimalzahlen-basis-k4-v9;0.59
brueche-dezimalzahlen-basis-k4-v10;0.53
daten-basis-k1-v1;1.37
daten-basis-k1-v2;0.93
daten-basis-k1-v3;0.95
daten-basis-k1-v4;0.93
daten-basis-k1-v5;1.37
daten-basis-k1-v6;0.53
daten-basis-k1-v7;1.37
daten-basis-k1-v8;0.95
daten-basis-k1-v9;1.37
daten-basis-k1-v10;0.93
daten-basis-k2-v1;0.92
daten-basis-k2-v2;0.92
daten-basis-k2-v3;0.92
daten-basis-k2-v4;0.91
daten-basis-k2-v5;0.93
daten-basis-k2-v6;0.92
daten-basis-k2-v7;0.92
daten-basis-k2-v8;0.93
daten-basis-k2-v9;0.93
daten-basis-k2-v10;0.93
daten-basis-k3-v1;0.49
daten-basis-k3-v2;0.49
daten-basis-k3-v3;0.49
daten-basis-k3-v4;0.50
daten-basis-k3-v5;0.49
daten-basis-k3-v6;0.50
daten-basis-k3-v7;0.49
daten-basis-k3-v8;0.49
daten-basis-k3-v9;0.50
daten-basis-k3-v10;0.49
daten-basis-k4-v1;0.92
daten-basis-k4-v2;0.50
daten-basis-k4-v3;0.49
daten-basis-k4-v4;0.49
daten-basis-k4-v5;0.50
einheiten-basis-k1-v1;0.50
einheiten-basis-k1-v2;0.50
einheiten-basis-k1-v3;0.49
einheiten-basis-k1-v4;0.50
einheiten-basis-k1-v5;0.50
einheiten-basis-k1-v6;0.50
einheiten-basis-k1-v7;0.50
einheiten-basis-k1-v8;0.92
einheiten-basis-k1-v9;0.50
einheiten-basis-k1-v10;0.85
einheiten-basis-k2-v1;0.50
einheiten-basis-k2-v2;0.50
einheiten-basis-k2-v3;0.50
einheiten-basis-k2-v4;0.85
einheiten-basis-k2-v5;0.50
einheiten-basis-k2-v6;0.50
einheiten-basis-k2-v7;0.50
einheiten-basis-k2-v8;0.50
einheiten-basis-k2-v9;0.50
einheiten-basis-k2-v10;0.50
einheiten-basis-k3-v1;0.85
einheiten-basis-k3-v2;0.92
einheiten-basis-k3-v3;0.92
einheiten-basis-k3-v4;0.85
einheiten-basis-k3-v5;0.92
einheiten-basis-k3-v6;0.96
einheiten-basis-k3-v7;0.92
einheiten-basis-k3-v8;0.92
einheiten-basis-k3-v9;0.89
einheiten-basis-k3-v10;0.92
einheiten-basis-k4-v1;0.92
einheiten-basis-k4-v2;0.92
einheiten-basis-k4-v3;0.92
einheiten-basis-k4-v4;0.92
einheiten-basis-k4-v5;0.92
einheiten-basis-k5-v1;0.95
einheiten-basis-k5-v2;0.50
einheiten-basis-k5-v3;0.95
einheiten-basis-k5-v4;0.50
einheiten-basis-k5-v5;0.95
einheiten-basis-k5-v6;0.85
einheiten-basis-k5-v7;0.95
einheiten-basis-k5-v8;0.91
einheiten-basis-k5-v9;0.95
einheiten-basis-k5-v10;0.91
flaechen-basis-k1-v1;0.50
flaechen-basis-k1-v2;0.92
flaechen-basis-k1-v3;0.50
flaechen-basis-k1-v4;0.50
flaechen-basis-k1-v5;0.92
flaechen-basis-k1-v6;0.50
flaechen-basis-k1-v7;0.92
flaechen-basis-k1-v8;0.92
flaechen-basis-k1-v9;0.50
flaechen-basis-k1-v10;0.50
flaechen-basis-k2-v1;0.50
flaechen-basis-k2-v2;0.50
flaechen-basis-k2-v3;0.50
flaechen-basis-k2-v4;0.50
flaechen-basis-k2-v5;0.50
flaechen-basis-k2-v6;0.50
flaechen-basis-k2-v7;0.50
flaechen-basis-k2-v8;0.50
flaechen-basis-k2-v9;0.50
flaechen-basis-k2-v10;0.50
flaechen-basis-k3-v1;0.50
flaechen-basis-k3-v2;0.92
flaechen-basis-k3-v3;0.92
flaechen-basis-k3-v4;0.92
flaechen-basis-k3-v5;0.92
flaechen-basis-k3-v6;0.92
flaechen-basis-k3-v7;0.92
flaechen-basis-k3-v8;0.92
flaechen-basis-k3-v9;0.92
flaechen-basis-k3-v10;0.50
flaechen-basis-k4-v1;2.87
flaechen-basis-k4-v2;3.07
flaechen-basis-k4-v3;3.89
flaechen-basis-k4-v4;2.67
flaechen-basis-k4-v5;3.07
flaechen-basis-k4-v6;3.89
flaechen-basis-k4-v7;2.57
flaechen-basis-k4-v8;2.35
flaechen-basis-k4-v9;2.76
flaechen-basis-k4-v10;3.39
flaechen-basis-k4-v11;3.16
flaechen-basis-k4-v12;2.76
flaechen-basis-k4-v13;3.59
flaechen-basis-k4-v14;3.07
flaechen-basis-k4-v15;2.35
flaechen-basis-k4-v16;2.75
flaechen-basis-k4-v17;3.14
flaechen-basis-k4-v18;3.59
flaechen-basis-k4-v19;3.39
flaechen-basis-k4-v20;2.66
flaechen-basis-k5-v1;0.50
flaechen-basis-k5-v2;0.92
flaechen-basis-k5-v3;0.50
flaechen-basis-k5-v4;0.50
flaechen-basis-k5-v5;0.92
flaechen-basis-k5-v6;0.50
flaechen-basis-k5-v7;0.50
flaechen-basis-k5-v8;0.50
flaechen-basis-k5-v9;0.92
flaechen-basis-k5-v10;0.50
koerper-basis-k1-v1;1.70
koerper-basis-k1-v2;1.70
koerper-basis-k1-v3;1.70
koerper-basis-k1-v4;2.13
koerper-basis-k1-v5;1.70
koerper-basis-k1-v6;1.70
koerper-basis-k1-v7;1.70
koerper-basis-k1-v8;1.70
koerper-basis-k1-v9;1.70
koerper-basis-k1-v10;1.70
koerper-basis-k2-v1;0.49
koerper-basis-k2-v2;0.92
koerper-basis-k2-v3;0.92
koerper-basis-k2-v4;0.92
koerper-basis-k2-v5;0.50
koerper-basis-k2-v6;0.92
koerper-basis-k2-v7;0.49
koerper-basis-k2-v8;0.92
koerper-basis-k2-v9;0.92
koerper-basis-k2-v10;0.50
koerper-basis-k3-v1;0.50
koerper-basis-k3-v2;0.50
koerper-basis-k3-v3;0.50
koerper-basis-k3-v4;0.50
koerper-basis-k3-v5;0.92
koerper-basis-k3-v6;0.50
koerper-basis-k3-v7;0.50
koerper-basis-k3-v8;0.50
koerper-basis-k3-v9;0.50
koerper-basis-k3-v10;0.50
koerper-basis-k4-v1;4.19
koerper-basis-k4-v2;5.65
koerper-basis-k4-v3;6.05
koerper-basis-k4-v4;3.37
koerper-basis-k4-v5;4.29
kreis-basis-k1-v1;2.84
kreis-basis-k1-v2;2.85
kreis-basis-k1-v3;2.84
kreis-basis-k1-v4;2.84
kreis-basis-k1-v5;2.84
kreis-basis-k1-v6;2.84
kreis-basis-k1-v7;2.84
kreis-basis-k1-v8;2.86
kreis-basis-k1-v9;2.84
kreis-basis-k1-v10;2.84
lineare-funktionen-basis-k1-v1;4.70
lineare-funktionen-basis-k1-v2;4.70
lineare-funktionen-basis-k1-v3;4.70
lineare-funktionen-basis-k1-v4;4.70
lineare-funktionen-basis-k1-v5;4.70
lineare-funktionen-basis-k1-v6;4.70
lineare-funktionen-basis-k1-v7;4.70
lineare-funktionen-basis-k1-v8;4.70
lineare-funktionen-basis-k1-v9;4.70
lineare-funktionen-basis-k1-v10;4.70
lineare-funktionen-basis-k2-v1;4.70
lineare-funktionen-basis-k2-v2;4.70
lineare-funktionen-basis-k2-v3;4.70
lineare-funktionen-basis-k2-v4;4.70
lineare-funktionen-basis-k2-v5;4.70
lineare-funktionen-basis-k2-v6;4.70
lineare-funktionen-basis-k2-v7;4.70
lineare-funktionen-basis-k2-v8;4.70
lineare-funktionen-basis-k2-v9;4.70
lineare-funktionen-basis-k2-v10;4.70
lineare-funktionen-basis-k3-v1;0.95
lineare-funktionen-basis-k3-v2;0.95
lineare-funktionen-basis-k3-v3;0.95
lineare-funktionen-basis-k3-v4;0.95
lineare-funktionen-basis-k3-v5;0.95
lineare-funktionen-basis-k3-v6;0.95
lineare-funktionen-basis-k3-v7;0.95
lineare-funktionen-basis-k3-v8;0.95
lineare-funktionen-basis-k3-v9;0.95
lineare-funktionen-basis-k3-v10;0.95
lineare-funktionen-basis-k4-v1;4.70
lineare-funktionen-basis-k4-v2;4.70
lineare-funktionen-basis-k4-v3;4.70
lineare-funktionen-basis-k4-v4;4.70
lineare-funktionen-basis-k4-v5;4.70
lineare-funktionen-basis-k4-v6;4.70
lineare-funktionen-basis-k4-v7;4.70
lineare-funktionen-basis-k4-v8;4.70
lineare-funktionen-basis-k4-v9;4.70
lineare-funktionen-basis-k4-v10;4.70
lineare-gleichungen-basis-k1-v1;0.53
lineare-gleichungen-basis-k1-v2;0.53
lineare-gleichungen-basis-k1-v3;0.53
lineare-gleichungen-basis-k1-v4;0.53
lineare-gleichungen-basis-k1-v5;0.53
lineare-gleichungen-basis-k1-v6;0.53
lineare-gleichungen-basis-k1-v7;0.53
lineare-gleichungen-basis-k1-v8;0.53
lineare-gleichungen-basis-k1-v9;0.53
lineare-gleichungen-basis-k1-v10;0.53
lineare-gleichungen-basis-k1-v11;0.53
lineare-gleichungen-basis-k1-v12;0.53
lineare-gleichungen-basis-k1-v13;0.53
lineare-gleichungen-basis-k1-v14;0.53
lineare-gleichungen-basis-k1-v15;0.53
lineare-gleichungen-basis-k1-v16;0.53
lineare-gleichungen-basis-k1-v17;0.53
lineare-gleichungen-basis-k1-v18;0.53
lineare-gleichungen-basis-k1-v19;0.53
lineare-gleichungen-basis-k1-v20;0.53
potenzen-wurzeln-basis-k1-v1;0.49
potenzen-wurzeln-basis-k1-v2;0.49
potenzen-wurzeln-basis-k1-v3;0.49
potenzen-wurzeln-basis-k1-v4;0.49
potenzen-wurzeln-basis-k1-v5;0.49
potenzen-wurzeln-basis-k1-v6;0.49
potenzen-wurzeln-basis-k1-v7;0.49
potenzen-wurzeln-basis-k1-v8;0.49
potenzen-wurzeln-basis-k1-v9;0.49
potenzen-wurzeln-basis-k1-v10;0.49
potenzen-wurzeln-basis-k2-v1;1.90
potenzen-wurzeln-basis-k2-v2;1.90
potenzen-wurzeln-basis-k2-v3;1.90
potenzen-wurzeln-basis-k2-v4;1.90
potenzen-wurzeln-basis-k2-v5;1.90
potenzen-wurzeln-basis-k2-v6;1.90
potenzen-wurzeln-basis-k2-v7;1.90
potenzen-wurzeln-basis-k2-v8;1.90
potenzen-wurzeln-basis-k2-v9;1.90
potenzen-wurzeln-basis-k2-v10;1.90
potenzen-wurzeln-basis-k3-v1;0.56
potenzen-wurzeln-basis-k3-v2;0.56
potenzen-wurzeln-basis-k3-v3;0.56
potenzen-wurzeln-basis-k3-v4;0.56
potenzen-wurzeln-basis-k3-v5;0.56
potenzen-wurzeln-basis-k3-v6;0.56
potenzen-wurzeln-basis-k3-v7;0.56
potenzen-wurzeln-basis-k3-v8;0.56
potenzen-wurzeln-basis-k3-v9;0.56
potenzen-wurzeln-basis-k3-v10;0.56
prozentrechnung-basis-k1-v1;0.93
prozentrechnung-basis-k1-v2;0.93
prozentrechnung-basis-k1-v3;0.93
prozentrechnung-basis-k1-v4;0.93
prozentrechnung-basis-k1-v5;0.93
prozentrechnung-basis-k1-v6;0.93
prozentrechnung-basis-k1-v7;0.93
prozentrechnung-basis-k1-v8;0.93
prozentrechnung-basis-k1-v9;0.93
prozentrechnung-basis-k1-v10;0.93
prozentrechnung-basis-k2-v1;0.86
prozentrechnung-basis-k2-v2;0.86
prozentrechnung-basis-k2-v3;0.86
prozentrechnung-basis-k2-v4;0.86
prozentrechnung-basis-k2-v5;1.71
prozentrechnung-basis-k2-v6;0.86
prozentrechnung-basis-k2-v7;0.86
prozentrechnung-basis-k2-v8;1.71
prozentrechnung-basis-k2-v9;0.86
prozentrechnung-basis-k2-v10;0.91
prozentrechnung-basis-k3-v1;0.92
prozentrechnung-basis-k3-v2;0.51
prozentrechnung-basis-k3-v3;0.51
prozentrechnung-basis-k3-v4;0.51
prozentrechnung-basis-k3-v5;0.54
prozentrechnung-basis-k3-v6;0.51
prozentrechnung-basis-k3-v7;0.51
prozentrechnung-basis-k3-v8;0.51
prozentrechnung-basis-k3-v9;0.51
prozentrechnung-basis-k3-v10;0.51
prozentrechnung-basis-k4-v1;2.13
prozentrechnung-basis-k4-v2;0.51
prozentrechnung-basis-k4-v3;2.13
prozentrechnung-basis-k4-v4;0.51
prozentrechnung-basis-k4-v5;2.13
prozentrechnung-basis-k4-v6;0.51
prozentrechnung-basis-k4-v7;2.13
prozentrechnung-basis-k4-v8;0.51
prozentrechnung-basis-k4-v9;2.13
prozentrechnung-basis-k4-v10;0.51
prozentrechnung-basis-k5-v1;0.51
prozentrechnung-basis-k5-v2;0.51
prozentrechnung-basis-k5-v3;0.51
prozentrechnung-basis-k5-v4;0.51
prozentrechnung-basis-k5-v5;0.51
prozentrechnung-basis-k5-v6;0.51
prozentrechnung-basis-k5-v7;0.51
prozentrechnung-basis-k5-v8;0.51
prozentrechnung-basis-k5-v9;0.51
prozentrechnung-basis-k5-v10;0.51
pythagoras-basis-k1-v1;3.89
pythagoras-basis-k1-v2;3.89
pythagoras-basis-k1-v3;3.59
pythagoras-basis-k1-v4;3.59
pythagoras-basis-k1-v5;3.39
pythagoras-basis-k1-v6;3.39
pythagoras-basis-k1-v7;4.39
pythagoras-basis-k1-v8;4.39
pythagoras-basis-k1-v9;3.39
pythagoras-basis-k1-v10;3.39
pythagoras-basis-k1-v11;4.39
pythagoras-basis-k1-v12;4.39
pythagoras-basis-k1-v13;3.96
pythagoras-basis-k1-v14;3.96
pythagoras-basis-k1-v15;4.59
pythagoras-basis-k1-v16;4.59
pythagoras-basis-k1-v17;3.79
pythagoras-basis-k1-v18;3.79
pythagoras-basis-k1-v19;3.39
pythagoras-basis-k1-v20;3.39
pythagoras-basis-k2-v1;0.87
pythagoras-basis-k2-v2;0.87
pythagoras-basis-k2-v3;0.92
pythagoras-basis-k2-v4;1.77
pythagoras-basis-k2-v5;0.87
pythagoras-basis-k2-v6;1.35
pythagoras-basis-k2-v7;1.76
pythagoras-basis-k2-v8;1.76
pythagoras-basis-k2-v9;1.35
pythagoras-basis-k2-v10;1.76
quadratische-funktionen-basis-k1-v1;4.69
quadratische-funktionen-basis-k1-v2;4.69
quadratische-funktionen-basis-k1-v3;4.69
quadratische-funktionen-basis-k1-v4;4.69
quadratische-funktionen-basis-k1-v5;4.69
quadratische-funktionen-basis-k1-v6;4.69
quadratische-funktionen-basis-k1-v7;4.69
quadratische-funktionen-basis-k1-v8;4.69
quadratische-funktionen-basis-k1-v9;4.69
quadratische-funktionen-basis-k1-v10;4.69
quadratische-funktionen-basis-k2-v1;4.70
quadratische-funktionen-basis-k2-v2;4.70
quadratische-funktionen-basis-k2-v3;4.69
quadratische-funktionen-basis-k2-v4;4.70
quadratische-funktionen-basis-k2-v5;1.39
quadratische-funktionen-basis-k3-v1;4.70
quadratische-funktionen-basis-k3-v2;4.70
quadratische-funktionen-basis-k3-v3;4.70
quadratische-funktionen-basis-k3-v4;4.70
quadratische-funktionen-basis-k3-v5;4.70
quadratische-funktionen-basis-k3-v6;4.70
quadratische-funktionen-basis-k3-v7;4.70
quadratische-funktionen-basis-k3-v8;4.70
quadratische-funktionen-basis-k3-v9;4.70
quadratische-funktionen-basis-k3-v10;4.70
quadratische-funktionen-basis-k4-v1;2.21
quadratische-funktionen-basis-k4-v2;2.21
quadratische-funktionen-basis-k4-v3;2.21
quadratische-funktionen-basis-k4-v4;2.64
quadratische-funktionen-basis-k4-v5;2.21
quadratische-gleichungen-basis-k1-v1;0.89
quadratische-gleichungen-basis-k1-v2;0.89
quadratische-gleichungen-basis-k1-v3;0.89
quadratische-gleichungen-basis-k1-v4;0.89
quadratische-gleichungen-basis-k1-v5;0.89
quadratische-gleichungen-basis-k1-v6;0.89
quadratische-gleichungen-basis-k1-v7;0.89
quadratische-gleichungen-basis-k1-v8;0.89
quadratische-gleichungen-basis-k1-v9;0.89
quadratische-gleichungen-basis-k1-v10;0.89
rationale-zahlen-basis-k1-v1;0.53
rationale-zahlen-basis-k1-v2;0.53
rationale-zahlen-basis-k1-v3;0.53
rationale-zahlen-basis-k1-v4;0.53
rationale-zahlen-basis-k1-v5;0.53
rationale-zahlen-basis-k1-v6;0.53
rationale-zahlen-basis-k1-v7;0.53
rationale-zahlen-basis-k1-v8;0.53
rationale-zahlen-basis-k1-v9;0.53
rationale-zahlen-basis-k1-v10;0.53
rationale-zahlen-basis-k2-v1;0.91
rationale-zahlen-basis-k2-v2;0.91
rationale-zahlen-basis-k2-v3;0.91
rationale-zahlen-basis-k2-v4;0.91
rationale-zahlen-basis-k2-v5;0.91
rationale-zahlen-basis-k2-v6;0.91
rationale-zahlen-basis-k2-v7;0.91
rationale-zahlen-basis-k2-v8;0.91
rationale-zahlen-basis-k2-v9;0.91
rationale-zahlen-basis-k2-v10;0.91
rationale-zahlen-basis-k3-v1;0.50
rationale-zahlen-basis-k3-v2;0.49
rationale-zahlen-basis-k3-v3;0.50
rationale-zahlen-basis-k3-v4;0.59
rationale-zahlen-basis-k3-v5;0.50
rationale-zahlen-basis-k3-v6;0.59
rationale-zahlen-basis-k3-v7;0.50
rationale-zahlen-basis-k3-v8;0.50
rationale-zahlen-basis-k3-v9;0.59
rationale-zahlen-basis-k3-v10;0.50
symmetrie-abbildungen-basis-k1-v1;0.92
symmetrie-abbildungen-basis-k1-v2;0.92
symmetrie-abbildungen-basis-k1-v3;0.85
symmetrie-abbildungen-basis-k1-v4;0.92
symmetrie-abbildungen-basis-k1-v5;0.85
symmetrie-abbildungen-basis-k1-v6;0.92
symmetrie-abbildungen-basis-k1-v7;0.50
symmetrie-abbildungen-basis-k1-v8;0.92
symmetrie-abbildungen-basis-k1-v9;0.85
symmetrie-abbildungen-basis-k1-v10;0.92
symmetrie-abbildungen-basis-k2-v1;0.94
symmetrie-abbildungen-basis-k2-v2;0.94
symmetrie-abbildungen-basis-k2-v3;0.94
symmetrie-abbildungen-basis-k2-v4;0.94
symmetrie-abbildungen-basis-k2-v5;0.94
symmetrie-abbildungen-basis-k2-v6;0.94
symmetrie-abbildungen-basis-k2-v7;0.94
symmetrie-abbildungen-basis-k2-v8;0.94
symmetrie-abbildungen-basis-k2-v9;0.94
symmetrie-abbildungen-basis-k2-v10;0.94
symmetrie-abbildungen-basis-k3-v1;3.02
symmetrie-abbildungen-basis-k3-v2;3.02
symmetrie-abbildungen-basis-k3-v3;3.82
symmetrie-abbildungen-basis-k3-v4;2.72
symmetrie-abbildungen-basis-k3-v5;3.47
symmetrie-abbildungen-basis-k3-v6;2.50
symmetrie-abbildungen-basis-k3-v7;2.90
symmetrie-abbildungen-basis-k3-v8;0.85
symmetrie-abbildungen-basis-k3-v9;3.00
symmetrie-abbildungen-basis-k3-v10;0.85
terme-basis-k1-v1;0.49
terme-basis-k1-v2;0.53
terme-basis-k1-v3;0.49
terme-basis-k1-v4;0.49
terme-basis-k1-v5;0.49
terme-basis-k1-v6;0.49
terme-basis-k1-v7;0.49
terme-basis-k1-v8;0.49
terme-basis-k1-v9;0.49
terme-basis-k1-v10;0.49
terme-basis-k2-v1;0.93
terme-basis-k2-v2;0.93
terme-basis-k2-v3;0.93
terme-basis-k2-v4;0.93
terme-basis-k2-v5;0.93
terme-basis-k2-v6;0.93
terme-basis-k2-v7;0.93
terme-basis-k2-v8;0.93
terme-basis-k2-v9;0.93
terme-basis-k2-v10;0.93
trigonometrie-basis-k1-v1;0.59
trigonometrie-basis-k1-v2;0.59
trigonometrie-basis-k1-v3;0.59
trigonometrie-basis-k1-v4;0.61
trigonometrie-basis-k1-v5;0.59
trigonometrie-basis-k1-v6;0.54
trigonometrie-basis-k1-v7;0.54
trigonometrie-basis-k1-v8;0.54
trigonometrie-basis-k1-v9;0.59
trigonometrie-basis-k1-v10;0.61
trigonometrie-basis-k2-v1;3.58
trigonometrie-basis-k2-v2;3.58
trigonometrie-basis-k2-v3;3.18
trigonometrie-basis-k2-v4;3.58
trigonometrie-basis-k2-v5;3.65
trigonometrie-basis-k2-v6;3.18
trigonometrie-basis-k2-v7;3.58
trigonometrie-basis-k2-v8;3.58
trigonometrie-basis-k2-v9;3.18
trigonometrie-basis-k2-v10;3.58
wahrscheinlichkeit-basis-k1-v1;0.93
wahrscheinlichkeit-basis-k1-v2;0.92
wahrscheinlichkeit-basis-k1-v3;0.92
wahrscheinlichkeit-basis-k1-v4;0.50
wahrscheinlichkeit-basis-k1-v5;0.92
wahrscheinlichkeit-basis-k2-v1;0.93
wahrscheinlichkeit-basis-k2-v2;0.97
wahrscheinlichkeit-basis-k2-v3;0.96
wahrscheinlichkeit-basis-k2-v4;0.96
wahrscheinlichkeit-basis-k2-v5;0.93
winkel-dreiecke-basis-k1-v1;0.88
winkel-dreiecke-basis-k1-v2;0.92
winkel-dreiecke-basis-k1-v3;0.88
winkel-dreiecke-basis-k1-v4;0.92
winkel-dreiecke-basis-k1-v5;0.88
winkel-dreiecke-basis-k1-v6;0.92
winkel-dreiecke-basis-k1-v7;1.30
winkel-dreiecke-basis-k1-v8;0.92
winkel-dreiecke-basis-k1-v9;0.88
winkel-dreiecke-basis-k1-v10;0.92
winkel-dreiecke-basis-k2-v1;0.92
winkel-dreiecke-basis-k2-v2;0.92
winkel-dreiecke-basis-k2-v3;0.92
winkel-dreiecke-basis-k2-v4;0.92
winkel-dreiecke-basis-k2-v5;0.92
winkel-dreiecke-basis-k2-v6;0.92
winkel-dreiecke-basis-k2-v7;0.92
winkel-dreiecke-basis-k2-v8;0.92
winkel-dreiecke-basis-k2-v9;0.92
winkel-dreiecke-basis-k2-v10;0.92
winkel-dreiecke-basis-k3-v1;4.70
winkel-dreiecke-basis-k3-v2;4.65
winkel-dreiecke-basis-k3-v3;4.72
winkel-dreiecke-basis-k3-v4;4.66
winkel-dreiecke-basis-k3-v5;4.79
winkel-dreiecke-basis-k3-v6;4.14
winkel-dreiecke-basis-k3-v7;4.77
winkel-dreiecke-basis-k3-v8;4.51
winkel-dreiecke-basis-k3-v9;4.70
winkel-dreiecke-basis-k3-v10;4.77
winkel-dreiecke-basis-k4-v1;3.07
winkel-dreiecke-basis-k4-v2;2.91
winkel-dreiecke-basis-k4-v3;3.11
winkel-dreiecke-basis-k4-v4;3.02
winkel-dreiecke-basis-k4-v5;3.09
winkel-dreiecke-basis-k4-v6;3.18
winkel-dreiecke-basis-k4-v7;3.04
winkel-dreiecke-basis-k4-v8;2.94
winkel-dreiecke-basis-k4-v9;3.15
winkel-dreiecke-basis-k4-v10;2.89
winkel-dreiecke-basis-k5-v1;1.76
winkel-dreiecke-basis-k5-v2;1.76
winkel-dreiecke-basis-k5-v3;1.76
winkel-dreiecke-basis-k5-v4;1.76
winkel-dreiecke-basis-k5-v5;1.75
winkel-dreiecke-basis-k5-v6;1.76
winkel-dreiecke-basis-k5-v7;1.75
winkel-dreiecke-basis-k5-v8;1.76
winkel-dreiecke-basis-k5-v9;1.76
winkel-dreiecke-basis-k5-v10;1.76
winkel-dreiecke-basis-k6-v1;3.53
winkel-dreiecke-basis-k6-v2;4.38
winkel-dreiecke-basis-k6-v3;4.96
winkel-dreiecke-basis-k6-v4;3.00
winkel-dreiecke-basis-k6-v5;4.80
zuordnungen-basis-k1-v1;0.50
zuordnungen-basis-k1-v2;0.50
zuordnungen-basis-k1-v3;0.50
zuordnungen-basis-k1-v4;0.92
zuordnungen-basis-k1-v5;0.50
zuordnungen-basis-k1-v6;0.50
zuordnungen-basis-k1-v7;0.50
zuordnungen-basis-k1-v8;0.50
zuordnungen-basis-k1-v9;0.92
zuordnungen-basis-k1-v10;0.50
zuordnungen-basis-k2-v1;0.49
zuordnungen-basis-k2-v2;0.49
zuordnungen-basis-k2-v3;0.49
zuordnungen-basis-k2-v4;0.49
zuordnungen-basis-k2-v5;0.50
zuordnungen-basis-k2-v6;0.49
zuordnungen-basis-k2-v7;0.50
zuordnungen-basis-k2-v8;0.50
zuordnungen-basis-k2-v9;0.50
zuordnungen-basis-k2-v10;0.49
