typ;stufe;grund
Zeiteinheiten umrechnen;1;eine Umrechnung
Größen vergleichen;1;eine Umrechnung, Zeichen setzen
Uhrzeit aus Startzeit und Dauer berechnen;1;Alltag
Strecke aus Teilstrecken berechnen;1;addieren
Portionen aus Gesamtmenge berechnen;1;teilen
Volumen Würfel berechnen;1;a hoch 3 mit Rechner
Umfang Rechteck berechnen;1;Seiten addieren
Kantenzahl eines Körpers angeben;1;zählen
Körper aus Netz oder Schrägbild benennen;1;erkennen
Gegenfläche im Würfelnetz bestimmen;1;erkennen
Figur nach Spiegelung benennen;1;erkennen
Symmetrieachsen bestimmen;1;erkennen
Bruchteil einer Fläche bestimmen;1;sehen und zählen
Median bestimmen;1;ordnen, Mitte
Spannweite berechnen;1;größte minus kleinste
Arithmetisches Mittel berechnen;1;addieren, teilen
Ergebnismenge aufzählen;1;aufzählen
Lage eines Punktes zu den Achsen erkennen;1;ablesen
Scheitelpunkt ablesen;1;ablesen
y-Achsenabschnitt ablesen;1;ablesen
Mitte zweier Zahlen bestimmen;1;Mitte finden
Proportionale Zuordnung Dreisatz;2;zwei Schritte
Antiproportionale Zuordnung Dreisatz;3;Umkehrung
Zahlen in verschiedenen Darstellungen vergleichen;2;Bruch, Dezimal, Prozent
Bruchteil einer Größe berechnen;2;Bruch von Größe
Winkel über Scheitel- oder Nebenwinkel bestimmen;2;Regel kennen
Dreiecksungleichung anwenden;2;Regel kennen
Eigenschaft einer Figur zuordnen;2;Begriffe
Gleichschenkliges Dreieck erkennen;2;Begriffe
Winkel an geschnittenen Parallelen bestimmen;2;Regel kennen
Winkel im Viereck berechnen;2;Winkelsumme
Kreissektor Anteil berechnen;3;Winkel durch 360, Prozent
Quadratseite aus Fläche berechnen;2;Wurzel
Rechteckseite aus Fläche berechnen;2;teilen
Rechteckseite aus Umfang berechnen;3;Umkehrung
Term zu Figur angeben;3;Variable, Term lesen
Punktprobe durchführen;2;einsetzen
Fehlenden Wert aus Mittelwert bestimmen;3;Umkehrung
Graph nach Eigenschaft auswählen;2;erkennen mit Begriff
Graph einer linearen Funktion erkennen;2;erkennen mit Begriff
Lineare Gleichung lösen;3;umstellen
Wurzel eines Quadrats berechnen;2;Wurzel
Exponent einer Potenz bestimmen;3;Potenz lesen
Wert nach prozentualer Erhöhung berechnen;3;Prozent
Grundwert berechnen;3;Prozent rückwärts
Prozent und Anteil umwandeln;3;Prozent
Prozentwert berechnen;3;Prozent
Prozentsatz berechnen;3;Prozent
Parabel verschieben;3;Form kennen
Scheitelpunktform aufstellen;3;Form kennen
Wertetabelle einer Funktion zuordnen;2;einsetzen
Lösung durch Einsetzen prüfen;3;einsetzen in Gleichung
Vorzeichenregel anwenden;2;Regel
Zahl zu Bedingung angeben;2;Bedingung lesen
Termwert berechnen;3;negative Zahlen, Term
Satz des Pythagoras formulieren;3;Formel
Pythagoras Gleichung zuordnen;3;Formel, Seiten
Term durch Zusammenfassen gleichartiger Glieder vereinfachen;3;Term
Term zu Sachtext angeben;3;Term
Trigonometrische Gleichung nach Seite umstellen;3;umstellen
Winkelfunktion Seitenverhältnis angeben;3;Seiten benennen
Wahrscheinlichkeit einstufig;2;Bruch bilden
Zufallsgerät zu Wahrscheinlichkeit entwerfen;3;Umkehrung
Zehnerpotenzschreibweise umwandeln;3;Potenz
