typ;thema;jahrgaenge;jahre;originale_bank;zahl_originale;eintraege;eintrag;original;jahr;papier;einheit;quelle;kette_nr
Bruchteil einer Fläche bestimmen;Brüche und Dezimalzahlen;9;2014 2017 2019 2021 2022 2023 2024 2025 2026;2014-OS-B1i 2017-OS-B1a 2019-OS-B1c 2021-OS-B1b 2022-OS-B1a 2023-OS-B1d 2024-OS-B1b 2025-OS-B1c 2026-FOR-B1b;9;brueche-dezimalzahlen;brueche-dezimalzahlen;2026-FOR-B1b;2026;FOR;1;111;1
Zahlen in verschiedenen Darstellungen vergleichen;Brüche und Dezimalzahlen;7;2014 2015 2017 2018 2019 2022 2023;2014-OS-B1h 2015-OS-B1c 2017-OS-B1e 2018-OS-B1d 2019-OS-B1d 2022-OS-B1j 2023-OS-B1f;7;bruchrechnung brueche-dezimalzahlen potenzen-wurzeln rationale-zahlen;brueche-dezimalzahlen;2023-OS-B1f;2023;OS;5;116;4
Prozentwert berechnen;Prozentrechnung;5;2014 2015 2017 2021 2026;2014-OS-B1a 2015-OS-B1e 2017-OS-B1b 2021-OS-B1c 2026-FOR-B1a;5;prozentrechnung zinsrechnung;prozentrechnung;2026-FOR-B1a;2026;FOR;3;101;4
Termwert berechnen;Rationale Zahlen rechnen;5;2016 2019 2021 2022 2026;2016-OS-B1i 2021-OS-B1g 2026-FOR-B1g;3;bruchrechnung rationale-zahlen;rationale-zahlen;2026-FOR-B1g;2026;FOR;3;89;1
Winkelfunktion Seitenverhältnis angeben;Trigonometrie im rechtwinkligen Dreieck;5;2017 2018 2019 2020 2025;2020-OS-B1c 2025-OS-B1g;2;trigonometrie;trigonometrie;2025-OS-B1g;2025;OS;1;102;2
Lineare Gleichung lösen;Lineare Gleichungen;4;2020 2021 2023 2024;2020-OS-B1e 2023-OS-B1e 2024-OS-B1d;3;lineare-gleichungen;lineare-gleichungen;2024-OS-B1d;2024;OS;2;79;1
Term zu Sachtext angeben;Terme umformen;4;2016 2017 2021 2023;2016-OS-B1b 2017-OS-B1i 2021-OS-B1e 2023-OS-B1h;4;lineare-gleichungen terme;terme;2023-OS-B1h;2023;OS;1;75;2
Zehnerpotenzschreibweise umwandeln;Zehnerpotenzen und Näherungswerte;4;2016 2017 2019 2025;2019-OS-B1j 2025-OS-B1d;2;potenzen-wurzeln;potenzen-wurzeln;2025-OS-B1d;2025;OS;2;94;3
Lösung durch Einsetzen prüfen;Quadratische Gleichungen;3;2018 2022 2025;2018-OS-B1c 2022-OS-B1c 2025-OS-B1h;3;lineare-gleichungen quadratische-gleichungen;quadratische-gleichungen;2025-OS-B1h;2025;OS;2;107;1
Wahrscheinlichkeit einstufig;Wahrscheinlichkeit einstufig;3;2014 2015 2016;2014-OS-B1d;1;bruchrechnung;bruchrechnung;2014-OS-B1d;2014;OS;1;98;1
Bruchteil einer Größe berechnen;Brüche und Dezimalzahlen;2;2015 2018;2015-OS-B1h 2018-OS-B1a;2;brueche-dezimalzahlen;brueche-dezimalzahlen;2018-OS-B1a;2018;OS;1;112;2
Exponent einer Potenz bestimmen;Potenzen und Wurzeln;2;2020 2024;2020-OS-B1h 2024-OS-B1g;2;potenzen-wurzeln;potenzen-wurzeln;2024-OS-B1g;2024;OS;1;93;1
Grundwert berechnen;Prozentrechnung;2;2023 2025;2023-OS-B1b 2025-OS-B1a;2;prozentrechnung;prozentrechnung;2025-OS-B1a;2025;OS;4;102;1
Prozent und Anteil umwandeln;Prozentrechnung;2;2020 2022;2020-OS-B1a 2022-OS-B1f;2;prozentrechnung;prozentrechnung;2022-OS-B1f;2022;OS;1;99;2
Symmetrieachsen bestimmen;Symmetrie und Abbildungen;2;2021 2022;2021-OS-B1j 2022-OS-B1i;2;symmetrie-abbildungen;symmetrie-abbildungen;2022-OS-B1i;2022;OS;2;79;3
Winkel an geschnittenen Parallelen bestimmen;Ebene Figuren und Winkel;2;2015 2020;2015-OS-B1d;1;winkel-dreiecke;winkel-dreiecke;2015-OS-B1d;2015;OS;2;114;3
Winkel im Viereck berechnen;Ebene Figuren und Winkel;2;2021 2026;2026-FOR-B1i;1;winkel-dreiecke;winkel-dreiecke;2026-FOR-B1i;2026;FOR;2;114;4
Zahl zu Bedingung angeben;Rationale Zahlen rechnen;2;2014 2015;2014-OS-B1c 2015-OS-B1b;2;brueche-dezimalzahlen rationale-zahlen;rationale-zahlen;2015-OS-B1b;2015;OS;1;87;3
Antiproportionale Zuordnung Dreisatz;Zuordnungen proportional und antiproportional;1;2014;2014-GYM-B1c;1;zuordnungen;zuordnungen;2014-GYM-B1c;2014;GYM;3;94;1
Dreiecksungleichung anwenden;Ebene Figuren und Winkel;1;2020;2020-OS-B1i;1;winkel-dreiecke;winkel-dreiecke;2020-OS-B1i;2020;OS;4;116;1
Figur nach Spiegelung benennen;Symmetrie und Abbildungen;1;2018;2018-OS-B1h;1;symmetrie-abbildungen;symmetrie-abbildungen;2018-OS-B1h;2018;OS;2;80;1
Gegenfläche im Würfelnetz bestimmen;Körper, Netze, Schrägbilder;1;2016;2016-OS-B1j;1;koerper;koerper;2016-OS-B1j;2016;OS;1;109;1
Gleichschenkliges Dreieck erkennen;Ebene Figuren und Winkel;1;2023;2023-OS-B1g;1;winkel-dreiecke;winkel-dreiecke;2023-OS-B1g;2023;OS;3;115;2
Graph einer linearen Funktion erkennen;Lineare Funktionen;1;2025;2025-OS-B1f;1;lineare-funktionen;lineare-funktionen;2025-OS-B1f;2025;OS;2;84;1
Graph nach Eigenschaft auswählen;Lineare Funktionen;1;2016;2016-OS-B1c;1;lineare-funktionen;lineare-funktionen;2016-OS-B1c;2016;OS;2;84;2
Kantenzahl eines Körpers angeben;Körper, Netze, Schrägbilder;1;2019;2019-OS-B1f;1;koerper;koerper;2019-OS-B1f;2019;OS;1;109;2
Kreissektor Anteil berechnen;Flächeninhalt und Umfang;1;2025;2025-OS-B1e;1;kreis;kreis;2025-OS-B1e;2025;OS;3;79;1
Lage eines Punktes zu den Achsen erkennen;Koordinaten und Zeichnen;1;2020;2020-OS-B1b;1;symmetrie-abbildungen;symmetrie-abbildungen;2020-OS-B1b;2020;OS;1;78;2
Mitte zweier Zahlen bestimmen;Brüche und Dezimalzahlen;1;2020;2020-OS-B1f;1;brueche-dezimalzahlen;brueche-dezimalzahlen;2020-OS-B1f;2020;OS;5;116;3
Prozentsatz berechnen;Zinsrechnung;1;2014;2014-OS-B1e;1;prozentrechnung zinsrechnung;prozentrechnung;2014-OS-B1e;2014;OS;2;100;3
Punktprobe durchführen;Funktionen allgemein;1;2023;2023-OS-B1i;1;lineare-funktionen;lineare-funktionen;2023-OS-B1i;2023;OS;3;85;3
Rechteckseite aus Umfang berechnen;Flächeninhalt und Umfang;1;2018;2018-OS-B1f;1;flaechen;flaechen;2018-OS-B1f;2018;OS;1;100;1
Term durch Zusammenfassen gleichartiger Glieder vereinfachen;Terme umformen;1;2025;2025-GYM-B2a;1;terme;terme;2025-GYM-B2a;2025;GYM;2;72;1
Trigonometrische Gleichung nach Seite umstellen;Trigonometrie im rechtwinkligen Dreieck;1;2020;2020-OS-B1j;1;trigonometrie;trigonometrie;2020-OS-B1j;2020;OS;1;102;1
Uhrzeit aus Startzeit und Dauer berechnen;Einheiten umrechnen;1;2021;2021-OS-B1a;1;einheiten;einheiten;2021-OS-B1a;2021;OS;2;116;1
Volumen Würfel berechnen;Volumen und Oberfläche;1;2026;2026-FOR-B1f;1;koerper;koerper;2026-FOR-B1f;2026;FOR;2;110;3
Vorzeichenregel anwenden;Rationale Zahlen rechnen;1;2015;2015-OS-B1g;1;rationale-zahlen;rationale-zahlen;2015-OS-B1g;2015;OS;3;89;2
Wert nach prozentualer Erhöhung berechnen;Prozentrechnung;1;2024;2024-OS-B1e;1;prozentrechnung;prozentrechnung;2024-OS-B1e;2024;OS;5;103;5
Wertetabelle einer Funktion zuordnen;Quadratische Funktionen;1;2026;2026-FOR-B1e;1;quadratische-funktionen;quadratische-funktionen;2026-FOR-B1e;2026;FOR;1;101;1
Wurzel eines Quadrats berechnen;Potenzen und Wurzeln;1;2015;2015-OS-B1j;1;potenzen-wurzeln;potenzen-wurzeln;2015-OS-B1j;2015;OS;3;95;2
y-Achsenabschnitt ablesen;Lineare Funktionen;1;2024;2024-OS-B1i;1;lineare-funktionen;lineare-funktionen;2024-OS-B1i;2024;OS;2;84;4
